1号电池,有害垃圾
用剩下1千克石膏,装修垃圾
用剩下的1千克水泥,装修垃圾
502胶水,干垃圾
华为P20,可回收物
3.5英寸软盘,干垃圾
504胶水,干垃圾
504胶水废包装,干垃圾
A4纸,可回收物
5号电池,有害垃圾
5号干电池,有害垃圾
7号电池,有害垃圾
ipad,可回收物
PIZZA盒,干垃圾
xbox,可回收物
cd,可回收物
CD机,可回收物
cpu,可回收物
PVC瓶,可回收物
kindle,可回收物
KINDLE壳,干垃圾
led灯,有害垃圾
LED灯泡,有害垃圾
iphone x,可回收物
IPHONE手机,可回收物
PET瓶,可回收物
PE塑料袋,干垃圾
pe塑料盒,可回收物
zippo打火机,干垃圾
kt板,可回收物
pp管,可回收物
U盘,可回收物
U型回形针,干垃圾
x光胶片,有害垃圾
x光片,有害垃圾
X光片等感光胶片,有害垃圾
阿尔卑斯糖,湿垃圾
阿华田,湿垃圾
阿司匹林,有害垃圾
艾草,湿垃圾
艾叶,湿垃圾
安全帽,可回收物
安全套,干垃圾
安全座椅,大件垃圾
过期安全套,干垃圾
施工安全帽,可回收物
用过的安全套,干垃圾
按摩棒,干垃圾
密胺餐具,可回收物
密胺碗,可回收物
档案袋,可回收物
肮脏塑料袋,干垃圾
棉袄,可回收物
芭蕉叶,湿垃圾
八宝饭,湿垃圾
八宝粥,湿垃圾
八角,湿垃圾
巴旦木壳,湿垃圾
锅巴,湿垃圾
泥巴,干垃圾
星巴克纸杯,干垃圾
海绵拖把,干垃圾
旧拖把,干垃圾
门把手,可回收物
扫把,干垃圾
塑料拖把,干垃圾
拖把,干垃圾
浴霸灯,可回收物
浴霸灯泡,有害垃圾
白板,大件垃圾
白板笔,干垃圾
白菜,湿垃圾
白菜叶,湿垃圾
白炽灯,有害垃圾
白炽灯泡,有害垃圾
白纸,可回收物
白煮蛋壳,湿垃圾
大白菜,湿垃圾
蛋白素肉包装袋,干垃圾
画过画的白纸,干垃圾
茭白,湿垃圾
茭白皮,湿垃圾
漂白粉,干垃圾
漂白剂罐,有害垃圾
百洁布,干垃圾
玻璃摆件,可回收物
枯枝败叶,湿垃圾
一般铁罐,可回收物
板擦儿,干垃圾
板凳,大件垃圾
板栗,湿垃圾
板栗壳,湿垃圾
插线板,可回收物
炒板栗,湿垃圾
床板,装修垃圾
地板,装修垃圾
电池板,有害垃圾
电路板,可回收物
电路主板,可回收物
废纸板,可回收物
复印件纸板,可回收物
黑板,大件垃圾
厚纸板,可回收物
黄板纸,可回收物
黄纸板,可回收物
集成电路板,可回收物
家用电器内的电路板,可回收物
胶囊药片底板,有害垃圾
脚踏板,干垃圾
接线板,可回收物
旧木板,装修垃圾
旧小黑板,干垃圾
快递纸板,可回收物
快递纸板箱,可回收物
铝塑板,装修垃圾
木板,装修垃圾
木铲板,可回收物
木地板,装修垃圾
木砧板,可回收物
木质菜板,可回收物
泡沫板,可回收物
乒乓板,干垃圾
平板玻璃,可回收物
平板电脑,可回收物
破木板,装修垃圾
石膏板,装修垃圾
塑胶地板,装修垃圾
塑料板,可回收物
塑料垫板,可回收物
桃板,湿垃圾
铁板,可回收物
拖线板,可回收物
污染过的纸板箱,干垃圾
线路板,可回收物
小块地板,装修垃圾
亚克力板,可回收物
颜料板,干垃圾
药品铝塑板,有害垃圾
硬板纸,可回收物
硬纸板,可回收物
粘鼠板,干垃圾
砧板,可回收物
纸板,可回收物
纸板箱,可回收物
主板,可回收物
主机板,可回收物
复印件版纸,可回收物
干拌面,湿垃圾
搅拌棒,干垃圾
搅拌勺,干垃圾
木质搅拌棒,干垃圾
花瓣,湿垃圾
衣服半成品,可回收物
手办,可回收物
蹄膀,湿垃圾
鸡翅膀,湿垃圾
鸡翅膀的骨头,湿垃圾
蹄膀的骨头,干垃圾
蹄膀骨头,干垃圾
棒棒糖,湿垃圾
棒棒糖杆,干垃圾
棒骨,干垃圾
冰棍棒,干垃圾
冰激凌木棒,干垃圾
吃过的棒棒糖,干垃圾
大棒骨,干垃圾
大骨棒,干垃圾
骨头棒,干垃圾
鸡棒骨,湿垃圾
鸡骨棒,湿垃圾
胶棒,干垃圾
卷发棒,可回收物
冷饮棒,干垃圾
滤芯棒,干垃圾
棉棒,干垃圾
棉花棒,干垃圾
棉签棒,干垃圾
烧烤棒,干垃圾
熟玉米棒,湿垃圾
铁棒,可回收物
橡胶棒,干垃圾
炫彩棒,干垃圾
雪糕棒,干垃圾
雪糕棒子,干垃圾
牙签棒,干垃圾
验孕棒,干垃圾
荧光棒,干垃圾
油画棒,干垃圾
玉米棒,湿垃圾
震动棒,可回收物
猪棒骨,干垃圾
自慰棒,可回收物
蚌壳,干垃圾
面包,湿垃圾
包包,可回收物
包菜叶子,湿垃圾
包蛋糕的塑料袋,干垃圾
包狗屎的纸巾,干垃圾
包海鲜的袋子,干垃圾
包了番茄皮的纸巾,干垃圾
包书膜,干垃圾
包书皮,干垃圾
包书纸,可回收物
包装薄膜,干垃圾
包装材料,干垃圾
包装袋,干垃圾
包装干燥剂,干垃圾
包装食品袋,干垃圾
包装塑料袋,干垃圾
包装塑料纸,干垃圾
包装箱,可回收物
包装用纸,可回收物
包装纸,可回收物
包装纸盒,可回收物
包装纸箱,可回收物
包子,湿垃圾
饼干包装袋,干垃圾
布包,可回收物
餐巾纸包装,干垃圾
茶包,干垃圾
茶包袋,干垃圾
茶叶包,干垃圾
茶叶包装袋,干垃圾
打包袋,干垃圾
打包的剩饭菜,湿垃圾
打包盒,干垃圾
打包锡纸盒,干垃圾
大米包装袋,干垃圾
带血包装袋,干垃圾
带油包装皮,干垃圾
蛋糕包装,干垃圾
蛋糕包装袋,干垃圾
蛋糕包装盒,干垃圾
蛋黄饼包装盒,可回收物
蛋黄饼塑料包装盒,干垃圾
蛋黄月饼塑料包装盒,干垃圾
电脑包,可回收物
电子塑料包装,可回收物
调料包,湿垃圾
调料包装,干垃圾
调料塑料包装,干垃圾
豆腐包袋盒,干垃圾
镀铝膜包装,干垃圾
帆布包,可回收物
方便面的调料包,干垃圾
方便面调料包,干垃圾
方便面料包,湿垃圾
方便面纸盒包装,干垃圾
肥皂外包装,干垃圾
废弃布包,可回收物
废弃书包,可回收物
服装包装袋,干垃圾
复合包装,干垃圾
复合软包装,可回收物
干燥剂（食品包装内）,干垃圾
各式皮包,可回收物
公文包,可回收物
挂耳咖啡包,干垃圾
过期面包,湿垃圾
汉堡包,湿垃圾
荷包蛋,湿垃圾
盒马塑料包装盒,干垃圾
花茶包,干垃圾
化学试剂包装玻璃瓶,有害垃圾
化妆品包装袋,干垃圾
火锅包装,干垃圾
酱油包装纸,干垃圾
金属包装盒,可回收物
酒精棉片包装袋,干垃圾
旧包皮革,可回收物
旧背包,可回收物
旧皮包,可回收物
旧手提包,可回收物
旧书包,可回收物
咖啡包,湿垃圾
咖啡包装袋,干垃圾
空调包装,可回收物
口香糖包装纸,干垃圾
快递包装袋,干垃圾
快递包装盒,可回收物
快递包装纸,干垃圾
快递塑料包装纸,干垃圾
辣条包装袋,干垃圾
乐利包,可回收物
冷冻食品塑料包装,干垃圾
冷饮包装,干垃圾
冷饮包装袋,干垃圾
冷饮包装盒,可回收物
冷饮包装纸,干垃圾
利乐包,可回收物
利乐包装,可回收物
利乐包装盒,可回收物
零食包装袋,干垃圾
零食包装盒,干垃圾
铝箔包,干垃圾
铝箔包装,可回收物
买菜的包装袋,干垃圾
面包包装袋,干垃圾
面包袋,干垃圾
面包干,湿垃圾
面包盒,干垃圾
面包机,可回收物
面包屑,湿垃圾
面膜包装,干垃圾
面膜包装纸,干垃圾
尿塑料包装,干垃圾
牛奶包装,可回收物
牛奶包装盒,可回收物
牛奶盒包装,可回收物
牛奶利乐包,可回收物
牛奶纸盒包装,可回收物
牛排包装,干垃圾
牛肉粒包装袋,干垃圾
呕吐包,干垃圾
泡脚药包,干垃圾
泡面调料包,干垃圾
泡面调料塑料包,干垃圾
泡泡包装袋,干垃圾
膨化食品包装,干垃圾
膨化食品外包装,干垃圾
皮包,可回收物
皮质包包,可回收物
破书包,可回收物
巧克力包装纸,干垃圾
染发剂包装,有害垃圾
肉包,湿垃圾
软饮包装,可回收物
三明治包装,干垃圾
沙包,干垃圾
沙拉酱包装,干垃圾
上好佳包装,干垃圾
生煎包,湿垃圾
生石灰包,干垃圾
剩包子,湿垃圾
湿的食品包装袋,干垃圾
湿巾纸包装,干垃圾
食品包装带,干垃圾
食品包装袋,干垃圾
食品包装盒,干垃圾
食品包装塑料袋,干垃圾
食品包装塑料盒,干垃圾
食品包装纸,干垃圾
食品包装纸盒,干垃圾
食品包裝,干垃圾
食品塑料包装,干垃圾
食品塑料包装袋,干垃圾
食品外包装,干垃圾
食品小包装袋,干垃圾
食物包装,干垃圾
食物包装袋,干垃圾
食物包装纸,干垃圾
书包,可回收物
薯片包装,干垃圾
薯片包装袋,干垃圾
水果包装纸箱,可回收物
水果外包装泡沫,可回收物
速冻饺子包装,干垃圾
速冻食品包装纸,干垃圾
速溶咖啡包装,干垃圾
塑包装袋,干垃圾
塑胶包装袋,干垃圾
塑料包书纸,干垃圾
塑料包装,干垃圾
塑料包装袋,干垃圾
塑料包装盒,可回收物
塑料包装纸,干垃圾
塑料打包盒,干垃圾
塑料打包绳,干垃圾
塑料食品包装袋,干垃圾
塑料外包,干垃圾
塑料外包装,干垃圾
炭包,干垃圾
糖包装,干垃圾
糖果包装,干垃圾
跳跳糖包装袋,干垃圾
外卖包装盒,干垃圾
卫生巾包装袋,干垃圾
无菌包装塑料,干垃圾
无菌注射器包装,干垃圾
吸管包装纸,干垃圾
洗衣粉的包装袋,干垃圾
洗衣液包装袋,干垃圾
香肠包装袋,干垃圾
小零食包装袋,干垃圾
牙膏包装皮,干垃圾
牙刷包装,干垃圾
一次性茶包,干垃圾
一次性打包盒,干垃圾
一次性口罩包装袋,干垃圾
一次性塑料打包盒,干垃圾
衣物包装袋,干垃圾
饮料包装盒,可回收物
饮料纸包装,可回收物
饮品包装,干垃圾
硬塑料包装,可回收物
用过的打包饮料盒,干垃圾
有机溶剂包装,有害垃圾
有机溶剂类包装物,有害垃圾
月饼包装,可回收物
月饼包装袋,可回收物
针线包,干垃圾
纸包装,可回收物
纸包装盒,可回收物
纸巾包装,干垃圾
纸巾包装袋,干垃圾
纸巾塑料包装袋,干垃圾
纸塑铝复合包装,可回收物
纸质包装,可回收物
纸质包装带,可回收物
纸质包装袋,可回收物
纸质包装纸,可回收物
中药包装,干垃圾
竹炭包,干垃圾
装过菜的打包盒,干垃圾
装食品的包装袋,干垃圾
自暖包,干垃圾
粽子 包扎线,干垃圾
手剥核桃壳,干垃圾
薄型塑料袋,干垃圾
塑料薄膜,干垃圾
保健品,有害垃圾
保健品盒,可回收物
保龄球,干垃圾
保暖杯,可回收物
保暖瓶,可回收物
保温杯,可回收物
保温材料,干垃圾
保温棉,干垃圾
保温瓶,可回收物
保鲜袋,干垃圾
保鲜膜,干垃圾
保鲜用的冰袋,干垃圾
保险套,干垃圾
保险箱,可回收物
工业用保利龙,非生活垃圾
过期保健品,有害垃圾
环保袋,可回收物
鸡蛋保护塑料盒,可回收物
鸡蛋保护套,干垃圾
旧保暖瓶,可回收物
旧保温瓶,可回收物
食品保鲜袋,干垃圾
食品保鲜盒,可回收物
食物保鲜袋,干垃圾
手提塑胶保温箱,干垃圾
塑料保鲜盒,可回收物
塑料食品保鲜盒,可回收物
污染过的保鲜袋,干垃圾
小袋脱酸保鲜剂,干垃圾
用过的保鲜袋,干垃圾
用过的保鲜膜,干垃圾
汉堡,湿垃圾
汉堡盒,干垃圾
宝特瓶,可回收物
充电宝,可回收物
充电式暖宝宝,可回收物
暖宝宝,干垃圾
暖宝宝帖,干垃圾
暖宝贴,干垃圾
淘宝纸盒,可回收物
易拉宝,可回收物
用过的暖宝宝,干垃圾
抱枕,可回收物
报废车,非生活垃圾
报废汽车,非生活垃圾
报刊,可回收物
报纸,可回收物
报纸、纸皮,可回收物
被污染的报纸,干垃圾
被污染的旧报纸,干垃圾
被油污的报纸,干垃圾
被油污染的旧报纸,干垃圾
被油污污染的旧报纸,干垃圾
擦桌子的报纸,干垃圾
废报纸,可回收物
废旧报纸,可回收物
复印件报纸,可回收物
海报,可回收物
计算机报表纸,可回收物
旧报,可回收物
旧报刊,可回收物
旧报纸,可回收物
旅游时报,可回收物
日报,可回收物
少年报,可回收物
湿报纸,干垃圾
手抄报,干垃圾
污染报纸,干垃圾
污染旧报纸,干垃圾
写过毛笔字的报纸,干垃圾
油旧报纸,干垃圾
油污报纸,干垃圾
油污的报纸,干垃圾
油污旧报纸,干垃圾
油污染的旧报纸,干垃圾
油污染旧报纸,干垃圾
油污污染报纸,干垃圾
油渍的报纸,干垃圾
脏报纸,干垃圾
沾了油污的报纸,干垃圾
鲍鱼,湿垃圾
鲍鱼壳,干垃圾
爆米花,湿垃圾
爆竹,干垃圾
玻璃杯,可回收物
玻璃杯子,可回收物
玻璃酒杯,可回收物
玻璃水杯,可回收物
不锈钢杯子,可回收物
不锈钢水杯,可回收物
瓷器杯子,干垃圾
瓷水杯,干垃圾
飞机杯,干垃圾
干净的纸杯,干垃圾
喝完的咖啡纸杯,干垃圾
咖啡杯盖,干垃圾
咖啡纸杯,干垃圾
咖啡纸杯(内表面附塑料膜),干垃圾
咖啡纸杯盖,干垃圾
可口可乐纸杯,干垃圾
可乐杯,干垃圾
没用过的纸杯,干垃圾
奶茶杯,干垃圾
奶茶杯子,干垃圾
奶茶纸杯,干垃圾
三杯鸡,湿垃圾
湿纸杯,干垃圾
塑料杯,可回收物
塑料杯子,可回收物
塑料咖啡杯,可回收物
塑料奶茶杯,干垃圾
塑料水杯,可回收物
碎玻璃杯,可回收物
搪瓷杯,干垃圾
陶瓷杯,干垃圾
陶瓷茶杯,干垃圾
陶瓷咖啡杯,干垃圾
铁杯,可回收物
铁水杯,可回收物
一次塑料杯,干垃圾
一次性杯子,干垃圾
一次性水杯,干垃圾
一次性塑料杯,干垃圾
一次性塑料杯子,干垃圾
一次性塑料水杯,干垃圾
一次性饮料杯,干垃圾
一次性纸杯,干垃圾
饮料杯,干垃圾
用过的塑料杯子,干垃圾
用过的一次性纸杯,干垃圾
用过的纸杯,干垃圾
纸杯,干垃圾
纸杯盖,干垃圾
纸咖啡杯,干垃圾
纸质咖啡杯,干垃圾
纸质一次性杯子,干垃圾
贝壳,干垃圾
贝壳的肉,湿垃圾
贝壳类,干垃圾
贝壳类弃物,干垃圾
贝壳肉,湿垃圾
大贝壳,干垃圾
扇贝,湿垃圾
扇贝贝壳,干垃圾
扇贝壳,干垃圾
扇贝肉,湿垃圾
小贝壳,干垃圾
硬贝壳,干垃圾
电脑设备,可回收物
卫浴设备,装修垃圾
被单,可回收物
被套,可回收物
被污染的旧衣服,干垃圾
被污染的衣服,干垃圾
被污染的纸,干垃圾
被污染衣服,干垃圾
被芯,可回收物
被油污染的纸,干垃圾
被油污污染的纸盒,干垃圾
被子,可回收物
废旧的被子,可回收物
旧棉被,可回收物
棉被,可回收物
棉花垫被,可回收物
湿被子,可回收物
羽绒被,可回收物
书本,可回收物
本子,可回收物
笔记本,可回收物
笔记本电池,有害垃圾
笔记本电脑,可回收物
笔记本纸,可回收物
废旧的笔记本电脑,可回收物
废旧纸张本册,可回收物
废弃书本,可回收物
绘本,可回收物
旧本子,可回收物
旧书本,可回收物
课本,可回收物
练习本,可回收物
默写本,可回收物
书本纸,可回收物
作业本,可回收物
绷带,干垃圾
鼻毛,干垃圾
鼻屎,干垃圾
鼻涕纸,干垃圾
擦鼻涕的纸,干垃圾
擦鼻涕纸,干垃圾
擦鼻涕纸巾,干垃圾
擦过鼻涕的餐巾纸,干垃圾
擦过鼻涕的纸,干垃圾
擦过鼻涕的纸巾,干垃圾
搽鼻涕纸,干垃圾
带鼻涕的餐巾纸,干垃圾
擤鼻涕的纸巾,干垃圾
有鼻涕的纸巾,干垃圾
笔袋,干垃圾
笔,干垃圾
笔盖,干垃圾
笔杆,干垃圾
笔盒,可回收物
笔记型计算机,可回收物
笔壳,干垃圾
笔囊,干垃圾
笔套,干垃圾
笔屑,干垃圾
笔芯,干垃圾
布笔袋,可回收物
彩笔,干垃圾
彩色笔,干垃圾
彩色铅笔,干垃圾
废笔芯,干垃圾
废弃的圆珠笔,干垃圾
粉笔,干垃圾
钢笔,干垃圾
钢笔里的墨囊,干垃圾
钢笔墨囊,干垃圾
勾线笔,干垃圾
红笔,干垃圾
画笔,干垃圾
画笔画的画,干垃圾
坏钢笔,干垃圾
记号笔,干垃圾
金属钢笔,干垃圾
金属铅笔盒,可回收物
卷笔刀,干垃圾
可擦笔,干垃圾
可擦复写笔,干垃圾
可擦摩笔,干垃圾
可擦魔笔,干垃圾
腊笔,干垃圾
蜡笔,干垃圾
蜡笔画,干垃圾
蜡笔画的画,干垃圾
马克笔,干垃圾
毛笔,干垃圾
没用的笔芯,干垃圾
没用完的水笔芯,干垃圾
眉笔,干垃圾
魔笔,干垃圾
墨水笔,干垃圾
木头铅笔,干垃圾
木制铅笔,干垃圾
铅笔,干垃圾
铅笔盒,可回收物
铅笔头,干垃圾
铅笔屑,干垃圾
铅笔芯,干垃圾
铅笔自动铅,干垃圾
签字笔,干垃圾
签字笔芯,干垃圾
水笔,干垃圾
水笔笔杆,干垃圾
水笔笔芯,干垃圾
水笔杆,干垃圾
水笔外壳,干垃圾
水笔芯,干垃圾
水彩笔,干垃圾
水彩笔芯,干垃圾
水性笔,干垃圾
水性笔芯,干垃圾
塑胶铅笔盒,可回收物
塑料笔,干垃圾
塑料笔盒,可回收物
塑料笔壳,干垃圾
塑料笔套,干垃圾
塑料铅笔盒,可回收物
塑料水笔,干垃圾
塑料圆珠笔,干垃圾
铁皮铅笔盒,可回收物
铁制铅笔盒,可回收物
涂改笔,干垃圾
未用完的笔芯,干垃圾
文具铅笔盒,可回收物
颜料笔,干垃圾
眼线笔,干垃圾
一次性笔芯,干垃圾
荧光笔,干垃圾
用过的原珠笔,干垃圾
用完的空圆珠笔芯是什么垃圾,干垃圾
用完的水笔芯,干垃圾
用完的水性笔芯,干垃圾
油画笔,干垃圾
油漆笔,干垃圾
原珠笔,干垃圾
原子笔,干垃圾
原子笔芯,干垃圾
圆珠笔,干垃圾
圆珠笔笔套,可回收物
圆珠笔笔芯,干垃圾
圆珠笔杆,干垃圾
圆珠笔芯,干垃圾
中性笔,干垃圾
中性笔笔芯,干垃圾
中性笔塑料袋,干垃圾
中性水笔,干垃圾
自动铅笔,干垃圾
钻笔,干垃圾
碧根果,干垃圾
碧根果壳,干垃圾
雪碧瓶,可回收物
冥币,干垃圾
游戏币,可回收物
纸币,非生活垃圾
避孕套,干垃圾
避孕药,有害垃圾
用过的避孕套,干垃圾
鞭炮,干垃圾
牛鞭,湿垃圾
纸张鞭炮,干垃圾
编织袋,干垃圾
便,非生活垃圾
便便,非生活垃圾
便利贴,干垃圾
便签,干垃圾
便条纸,干垃圾
便纸,干垃圾
吃过的方便面,湿垃圾
宠物便便,非生活垃圾
宠物大便,非生活垃圾
宠物粪便,非生活垃圾
宠物兔粪便,非生活垃圾
大便,非生活垃圾
动物的粪便,非生活垃圾
动物粪便,非生活垃圾
方便筷,干垃圾
方便面,湿垃圾
方便面袋,干垃圾
方便面袋子,干垃圾
方便面盒,干垃圾
方便面盒子,干垃圾
方便面桶,干垃圾
方便面碗,干垃圾
粪便,非生活垃圾
狗便,非生活垃圾
狗便便,非生活垃圾
狗大便,非生活垃圾
狗粪便,非生活垃圾
狗狗便便,非生活垃圾
狗狗大便,非生活垃圾
狗狗粪便,非生活垃圾
家禽粪便,非生活垃圾
猫便,非生活垃圾
猫便便,非生活垃圾
猫大便,非生活垃圾
猫粪便,非生活垃圾
用过的便纸,干垃圾
有粪便的尿布,干垃圾
变质的食物,湿垃圾
变质食品,湿垃圾
标签,干垃圾
标签卡,干垃圾
标签色带,干垃圾
废鼠标,可回收物
服装商标,干垃圾
旧鼠标,可回收物
鼠标,可回收物
鼠标垫,干垃圾
无线鼠标,可回收物
纸质商标,干垃圾
电表盒,可回收物
电话手表,可回收物
电子手表,可回收物
机械表,可回收物
手表,可回收物
手表电池,有害垃圾
塑料钟表,可回收物
钟表,可回收物
别针,干垃圾
曲别针,干垃圾
瘪掉的篮球,可回收物
冰袋,干垃圾
冰柜,可回收物
冰激淋,湿垃圾
冰激凌,湿垃圾
冰淇淋,湿垃圾
冰糖,湿垃圾
冰箱,可回收物
冰箱冰袋,干垃圾
电冰箱,可回收物
干冰袋,干垃圾
旧冰箱,可回收物
快递冰袋,干垃圾
冷冻食品用的冰袋,干垃圾
冷冻用冰袋,干垃圾
医用冰袋,干垃圾
葡萄柄,湿垃圾
游戏手柄,可回收物
丙烯,干垃圾
饼干袋,干垃圾
饼干罐,可回收物
饼干塑料盒,干垃圾
饼干铁盒,可回收物
饼干渣,湿垃圾
饼干纸盒,可回收物
葱油饼,湿垃圾
大饼,湿垃圾
粉饼,干垃圾
糕饼,湿垃圾
过期饼干,湿垃圾
化妆粉饼,干垃圾
糠饼,湿垃圾
可丽饼,湿垃圾
煤饼,干垃圾
披萨饼盒,干垃圾
铁制饼干盒,可回收物
鲜肉月饼,湿垃圾
月饼,湿垃圾
月饼盒,可回收物
月饼铁盒,可回收物
病人换下来的纸尿裤,干垃圾
玻璃,可回收物
碎玻璃,可回收物
玻璃餐盒,可回收物
玻璃餐具,可回收物
玻璃尺,可回收物
玻璃灯管,有害垃圾
玻璃灯罩,可回收物
玻璃调料瓶,可回收物
玻璃饭盒,可回收物
玻璃罐,可回收物
玻璃锅,可回收物
玻璃锅盖,可回收物
玻璃壶,可回收物
玻璃胶,干垃圾
玻璃胶带,干垃圾
玻璃酒瓶,可回收物
玻璃奶瓶,可回收物
玻璃盘,可回收物
玻璃盘子,可回收物
玻璃盆,可回收物
玻璃啤酒瓶,可回收物
玻璃片,可回收物
玻璃瓶,可回收物
玻璃瓶罐,可回收物
玻璃器皿,可回收物
玻璃碎片,可回收物
玻璃碎瓶,可回收物
玻璃碗,可回收物
玻璃小药瓶,有害垃圾
玻璃药瓶,有害垃圾
玻璃油瓶,可回收物
玻璃渣,可回收物
玻璃纸,干垃圾
玻璃制品,可回收物
玻璃制容器,可回收物
彩色玻璃,可回收物
窗玻璃,可回收物
废玻璃,可回收物
废玻璃制品,可回收物
废旧玻璃,可回收物
钢化玻璃,可回收物
过期玻璃瓶,可回收物
咖啡玻璃瓶,可回收物
空玻璃瓶,可回收物
毛玻璃,可回收物
门窗玻璃,装修垃圾
墨汁玻璃瓶,可回收物
牛奶玻璃瓶,可回收物
啤酒玻璃瓶,可回收物
破碎玻璃,可回收物
强化玻璃,可回收物
人造玻璃,可回收物
碎玻璃瓶,可回收物
用过的酱油玻璃瓶,可回收物
有机玻璃,可回收物
有机玻璃制品,可回收物
菠菜,湿垃圾
菠萝,湿垃圾
菠萝干,湿垃圾
菠萝蜜,湿垃圾
菠萝蜜核,干垃圾
菠萝蜜壳,干垃圾
菠萝派,湿垃圾
菠萝皮,湿垃圾
菠萝头,湿垃圾
数字音乐播放器,可回收物
微波炉,可回收物
博美,非生活垃圾
铂金纸,干垃圾
铝箔,可回收物
铝箔餐盒,干垃圾
铝箔纸,可回收物
鋁箔,可回收物
锡箔,干垃圾
锡箔纸,干垃圾
一次性铝箔餐盒,干垃圾
鸭脖,湿垃圾
鸭脖子,湿垃圾
捕蚊灯,可回收物
胡萝卜,湿垃圾
萝卜,湿垃圾
萝卜的叶子,湿垃圾
萝卜干,湿垃圾
不含汞铅电池,干垃圾
不锈钢,可回收物
不锈钢尺子,可回收物
不锈钢刀,可回收物
不粘锅,可回收物
儿童尿不湿,干垃圾
没用过的尿不湿,干垃圾
尿不湿,干垃圾
湿了的尿不湿,干垃圾
小孩尿不湿,干垃圾
婴儿尿不湿,干垃圾
婴儿一次性尿不湿,干垃圾
用过的尿不湿,干垃圾
布,可回收物
布袋,可回收物
布袋子,可回收物
布类,可回收物
布料,可回收物
布面粉袋,可回收物
布偶,可回收物
布条,可回收物
布娃娃,可回收物
布玩偶,可回收物
布鞋,可回收物
布艺沙发,大件垃圾
擦眼镜布,干垃圾
成人尿布,干垃圾
纺织布,可回收物
废旧抹布,干垃圾
废抹布,干垃圾
狗尿布,干垃圾
含油抹布,干垃圾
胶布,干垃圾
旧布料,可回收物
旧布鞋,可回收物
旧抹布,干垃圾
麻布,可回收物
猫尿布,干垃圾
没用过的尿布,干垃圾
棉麻桌布,可回收物
抹布,干垃圾
尿布,干垃圾
尿布湿,干垃圾
破布,可回收物
破抹布,干垃圾
纱布,干垃圾
湿抹布,干垃圾
湿尿布,干垃圾
使用过的尿布,干垃圾
塑料布,干垃圾
碎布,可回收物
碎布料,可回收物
碎布料枕头,可回收物
碎布头,干垃圾
拖布头,干垃圾
无纺布,干垃圾
无纺布袋,干垃圾
洗碗布,干垃圾
小孩尿布,干垃圾
一次性抹布,干垃圾
一次性尿布,干垃圾
一次性塑料布,干垃圾
一次性台布,干垃圾
一次性桌布,干垃圾
医用纱布,干垃圾（有异议）
婴儿尿布,干垃圾
婴幼儿尿布,干垃圾
用过的尿布,干垃圾
油画布,干垃圾
油抹布,干垃圾
油网布,干垃圾
油污布,干垃圾
脏布,干垃圾
纸尿布,干垃圾
狙击步枪,非生活垃圾
电话簿,可回收物
擦过菜汁的抽纸,干垃圾
擦过的纸巾,干垃圾
擦过屁股的卫生纸,干垃圾
擦汗的纸巾,干垃圾
擦屁股的纸,干垃圾
擦屁股的纸巾,干垃圾
擦屎纸,干垃圾
擦拭过的餐巾纸,干垃圾
擦手的面巾纸,干垃圾
擦手巾,干垃圾
擦手纸,干垃圾
擦完嘴的纸,干垃圾
擦眼泪的纸,干垃圾
擦油纸,干垃圾
摩易擦,干垃圾
魔力擦,干垃圾
橡皮擦,干垃圾
废木材,装修垃圾
废中药材,湿垃圾
干药材,湿垃圾
建材,装修垃圾
建材垃圾,装修垃圾
木材,装修垃圾
木材旧家具,大件垃圾
食材废料,湿垃圾
药材,湿垃圾
中药材,湿垃圾
中药药材,湿垃圾
一次性血糖采血针,干垃圾
彩电,可回收物
彩票,干垃圾
彩色打印纸,可回收物
彩色回形针,干垃圾
彩色塑料瓶,可回收物
彩色塑料纸,干垃圾
彩色相片,有害垃圾
彩色相片纸,有害垃圾
彩色相纸,有害垃圾
彩色颜料,干垃圾
彩色照片,有害垃圾
彩纸,干垃圾
彩妆,干垃圾
打印过的彩色相片纸,有害垃圾
打印后的彩色照片,有害垃圾
水彩,干垃圾
水彩画,干垃圾
水彩颜料,干垃圾
菜,湿垃圾
菜饭,湿垃圾
菜饭盒,干垃圾
菜根,湿垃圾
菜根菜头,湿垃圾
菜梗,湿垃圾
菜梗菜叶,湿垃圾
菜花,湿垃圾
菜椒,湿垃圾
菜皮,湿垃圾
菜叶,湿垃圾
菜叶子,湿垃圾
菜渣,湿垃圾
吃菜剩下的鱼骨头,湿垃圾
厨房剩菜,湿垃圾
淡菜,湿垃圾
饭菜,湿垃圾
饭菜盒,干垃圾
饭菜渣,湿垃圾
腐烂蔬菜,湿垃圾
隔夜菜,湿垃圾
根茎蔬菜,湿垃圾
瓜果蔬菜,湿垃圾
花菜,湿垃圾
金针菜,湿垃圾
金属制菜篮子,可回收物
韭菜,湿垃圾
烂菜叶,湿垃圾
烂蔬菜,湿垃圾
绿叶菜,湿垃圾
芹菜,湿垃圾
芹菜叶,湿垃圾
青菜,湿垃圾
青菜杆,湿垃圾
青菜皮,湿垃圾
青菜叶,湿垃圾
球生菜,湿垃圾
生菜,湿垃圾
剩菜,湿垃圾
剩菜饭,湿垃圾
剩菜剩饭,湿垃圾
剩饭菜,湿垃圾
剩饭剩菜,湿垃圾
剩飯剩菜,湿垃圾
剩余饭菜,湿垃圾
蔬菜,湿垃圾
蔬菜瓜果皮,湿垃圾
蔬菜果皮,湿垃圾
蔬菜茎叶,湿垃圾
蔬菜皮,湿垃圾
蔬菜水果,湿垃圾
蔬菜水果皮,湿垃圾
蔬菜叶,湿垃圾
熟菜,湿垃圾
素菜,湿垃圾
塑胶菜蓝子,可回收物
咸菜,湿垃圾
油菜花,湿垃圾
沾了菜油的餐巾纸,干垃圾
紫菜,湿垃圾
餐盒,干垃圾
餐巾,干垃圾
餐巾纸,干垃圾
餐巾纸袋子,干垃圾
餐巾纸盒,干垃圾
餐巾紙,干垃圾
餐厅纸,干垃圾
餐纸,干垃圾
吃剩的快餐,湿垃圾
吃剩的快餐盒,干垃圾
废餐巾纸,干垃圾
废弃餐巾纸,干垃圾
快餐盒,干垃圾
快递餐盒,干垃圾
泡沫餐盒,干垃圾
剩餐,湿垃圾
湿餐巾,干垃圾
湿餐巾纸,干垃圾
湿的餐巾纸,干垃圾
湿了的餐巾纸,干垃圾
使用的餐巾纸,干垃圾
使用过的餐盒,干垃圾
使用过的餐巾纸,干垃圾
使用过的纸质餐盒,干垃圾
塑料餐盒,干垃圾
塑料餐具,可回收物
外发餐盒,干垃圾
外卖餐盒,干垃圾
外卖盒纸餐盒,干垃圾
外卖塑料餐盒,干垃圾
外卖纸餐盒,干垃圾
未使用的餐巾纸,干垃圾
污损餐巾纸,干垃圾
午餐肉,湿垃圾
午餐肉罐,可回收物
午餐肉罐头,可回收物
一次性餐盒,干垃圾
一次性餐具,干垃圾
一次性餐盘,干垃圾
一次性塑料餐盒,干垃圾
一次性塑料餐具,干垃圾
一次性纸餐盒,干垃圾
用过餐巾纸,干垃圾
用过的餐巾纸,干垃圾
用过的湿餐巾纸,干垃圾
用完的餐巾纸,干垃圾
油腻的餐巾纸,干垃圾
有污渍的餐盒,干垃圾
脏餐巾纸,干垃圾
脏的餐巾纸,干垃圾
纸餐盒,干垃圾
纸制餐盘,干垃圾
西洋参,湿垃圾
蚕丝,可回收物
蚕豆壳,湿垃圾
残羹,湿垃圾
残花,湿垃圾
残旧衣服,可回收物
残渣剩饭,湿垃圾
残枝,湿垃圾
残枝落叶,湿垃圾
落叶残花,湿垃圾
食物残渣,湿垃圾
食物残渣及宠物饲料,湿垃圾
中药残渣,湿垃圾
苍蝇,湿垃圾
苍蝇拍,干垃圾
草稿纸,可回收物
草,湿垃圾
草莓,湿垃圾
草皮,湿垃圾
草药,湿垃圾
草纸,干垃圾
草纸卫生纸,干垃圾
除草剂,有害垃圾
除草剂罐,有害垃圾
干草叶,湿垃圾
花草,湿垃圾
花草树叶,湿垃圾
黄草纸烧的灰,干垃圾
皮草,可回收物
青草,湿垃圾
水草,湿垃圾
写过的草稿纸,可回收物
用过的草纸,干垃圾
杂草,湿垃圾
中草药,湿垃圾
厕所,非生活垃圾
厕所的卫生纸,干垃圾
厕所手纸,干垃圾
厕所用纸,干垃圾
厕所纸,干垃圾
厕所纸巾,干垃圾
厕纸,干垃圾
入厕用纸,干垃圾
湿厕纸,干垃圾
用过的厕纸,干垃圾
手册,可回收物
相册,可回收物
宣传册,可回收物
插排,可回收物
插头,可回收物
插座,可回收物
充电插头,可回收物
废旧排插,可回收物
叉子,可回收物
塑料叉子,干垃圾
一次性叉子,干垃圾
茶叶,湿垃圾
茶,湿垃圾
茶袋,干垃圾
茶盒,干垃圾
茶壶,干垃圾
茶壶碎片,干垃圾
茶几,大件垃圾
茶碗,干垃圾
茶叶袋,干垃圾
茶叶蛋,湿垃圾
茶叶罐,可回收物
茶叶盒,可回收物
茶叶渣,湿垃圾
茶叶渣子,湿垃圾
茶渣,湿垃圾
袋泡茶,干垃圾
袋装茶叶,干垃圾
干茶叶,湿垃圾
过期茶叶,湿垃圾
喝过的茶叶,湿垃圾
喝过的茶叶渣,湿垃圾
绿茶瓜子,湿垃圾
没有泡过的茶叶,湿垃圾
泡过的茶叶,干垃圾
平常喝茶的茶叶渣,湿垃圾
平常喝的茶叶,湿垃圾
剩茶叶,湿垃圾
水果茶,湿垃圾
陶瓷茶叶罐,干垃圾
珍珠奶茶盒,干垃圾
纸制茶叶罐,干垃圾
紫砂茶具,干垃圾
火柴,干垃圾
硅胶铲,干垃圾
电器产品,可回收物
电子产品,可回收物
废旧电子产品,可回收物
废弃电子产品,可回收物
水产及其加工食品,湿垃圾
水产类弃物,湿垃圾
碎纸机产生的纸屑,干垃圾
常温牛奶盒,可回收物
常温牛奶盒子,可回收物
长毛绒,可回收物
长毛绒玩具,可回收物
长生果,湿垃圾
长生果壳,湿垃圾
长筒连裤袜,干垃圾
长头发,干垃圾
长尾夹,可回收物
长靴,可回收物
红肠,湿垃圾
火腿肠,湿垃圾
香肠,湿垃圾
香肠袋,干垃圾
鱼肠,湿垃圾
鱼鳞鱼肠,湿垃圾
唱片,干垃圾
黑胶唱片,干垃圾
超能胶,干垃圾
超市小票,干垃圾
超市装肉盒,干垃圾
钞票,非生活垃圾
点钞机,可回收物
纸钞,干垃圾
过朝食品,湿垃圾
潮湿塑料袋,干垃圾
防潮盒,可回收物
防潮剂,干垃圾
受潮的纸张,可回收物
吸潮剂,干垃圾
炒花生壳,湿垃圾
炒面,湿垃圾
糖炒栗子,湿垃圾
糖炒栗子壳,湿垃圾
车,非生活垃圾
车厘子,湿垃圾
车辆,非生活垃圾
车钥匙,干垃圾
电动车,非生活垃圾
二手车,非生活垃圾
废机车,非生活垃圾
废脚踏车,可回收物
废弃的自行车,非生活垃圾
废汽车,非生活垃圾
公交车,非生活垃圾
环卫车,非生活垃圾
火车,非生活垃圾
火车轨道,非生活垃圾
货车,非生活垃圾
脚踏车,非生活垃圾
轿车,非生活垃圾
旧电瓶车,非生活垃圾
旧自行车,非生活垃圾
卡车,非生活垃圾
汽车,非生活垃圾
汽车机油,非生活垃圾
汽车空气滤清器,可回收物
汽车轮胎,非生活垃圾
汽车雨刮器,干垃圾
汽机车座垫,大件垃圾
玩具车,可回收物
行车记录仪,可回收物
遥控车,可回收物
助动车,非生活垃圾
自行车,非生活垃圾
自行车轮胎,可回收物
灰尘,干垃圾
尘土,干垃圾
打扫灰尘,干垃圾
灰尘毛发,干垃圾
扫地灰尘,干垃圾
湿灰尘,干垃圾
吸尘器,可回收物
吸尘器垃圾,干垃圾
陈皮,湿垃圾
衬衫,可回收物
衬衣,可回收物
橙,湿垃圾
橙皮,湿垃圾
橙子,湿垃圾
橙子皮,湿垃圾
成人用品,干垃圾
结成团的猫砂,干垃圾
中成药,有害垃圾
体重秤,可回收物
吃过的大骨头,干垃圾
吃过的甘蔗,湿垃圾
吃过的口香糖,干垃圾
吃过的奇趣蛋,干垃圾
吃过的外卖盒,干垃圾
吃过的一次性饭盒,干垃圾
吃剩下的牡蛎壳,干垃圾
吃剩下的葡萄杆,湿垃圾
吃剩下的提子杆,湿垃圾
吃完的泡面盒,干垃圾
金属汤匙,可回收物
钥匙,可回收物
充电电池,有害垃圾
电池,有害垃圾
电脑电池,有害垃圾
電池,有害垃圾
废电池,有害垃圾
废旧电池,有害垃圾
废镍镉电池,有害垃圾
废弃电池,有害垃圾
废手机充电电池,有害垃圾
废手机电池,有害垃圾
废氧化汞电池,有害垃圾
干电池,有害垃圾
镉镍电池,有害垃圾
含汞电池,有害垃圾
碱电池,干垃圾
碱性电池,干垃圾
碱性无汞电池,干垃圾
旧电池,有害垃圾
可充电电池,有害垃圾
锂电池,有害垃圾
锂离子电池,有害垃圾
镍镉电池,有害垃圾
镍铝电池,有害垃圾
镍氢电池,有害垃圾
纽扣电池,有害垃圾
钮扣电池,有害垃圾
钮扣电子电池,有害垃圾
普通干电池,有害垃圾
七号电池,有害垃圾
铅酸电池,有害垃圾
铅蓄电池,有害垃圾
手机充电电池,有害垃圾
手机电池,有害垃圾
太阳能电池,有害垃圾
碳性电池,干垃圾
无汞电池,干垃圾
无汞干电池,干垃圾
无汞碱性电池,干垃圾
五号电池,有害垃圾
蓄电池,有害垃圾
氧化汞电池,有害垃圾
遥控器电池,有害垃圾
用过的电池,有害垃圾
照相机电池,有害垃圾
齿轮,可回收物
掉下来的牙齿,干垃圾
牙齿,干垃圾
尺,干垃圾
尺子,可回收物
塑胶尺,干垃圾
塑料尺,可回收物
塑料尺子,可回收物
铁尺,可回收物
文具尺,可回收物
直尺,干垃圾
鸡翅,湿垃圾
鸡翅骨头,湿垃圾
充电器,可回收物
充电热水袋,可回收物
充电线,可回收物
充气袋,干垃圾
充气沙发,可回收物
充气娃,可回收物
充气娃娃,可回收物
泡沫填充,干垃圾
氢气球充气钢瓶,可回收物
手机充电器,可回收物
手机充电线,可回收物
冲泡饮料,湿垃圾
虫,湿垃圾
虫子,湿垃圾
废杀虫剂,有害垃圾
废杀虫剂罐,有害垃圾
毛毛虫,湿垃圾
米虫,湿垃圾
杀虫剂,有害垃圾
杀虫剂罐,有害垃圾
杀虫剂罐子,有害垃圾
杀虫剂空瓶,有害垃圾
杀虫剂瓶,有害垃圾
杀虫剂瓶罐,有害垃圾
杀虫剂桶,有害垃圾
杀虫喷雾,有害垃圾
杀虫喷雾罐,有害垃圾
杀虫喷雾瓶,有害垃圾
杀虫瓶罐,有害垃圾
杀虫气雾剂,有害垃圾
死昆虫,湿垃圾
宠物,非生活垃圾
宠物粪,非生活垃圾
宠物粮食,湿垃圾
宠物毛,干垃圾
宠物毛发,干垃圾
宠物排泄物,非生活垃圾
宠物尸体,非生活垃圾
宠物饲料,湿垃圾
抽水马桶,装修垃圾
抽屉,大件垃圾
抽完的烟蒂,干垃圾
抽完烟的烟蒂,干垃圾
抽油烟机,大件垃圾
抽纸,干垃圾
绸带,可回收物
丝绸制品,可回收物
臭豆腐,湿垃圾
臭鸡蛋,湿垃圾
臭袜子,干垃圾
打印出来的纸,可回收物
橱柜,装修垃圾
旧橱柜,装修垃圾
旧衣橱,大件垃圾
衣橱,大件垃圾
厨房垃圾,湿垃圾
厨房垃圾袋,干垃圾
厨房用钢丝球,干垃圾
厨房用纸,干垃圾
厨房纸,干垃圾
厨房纸巾,干垃圾
厨余,湿垃圾
厨余果皮,湿垃圾
厨余垃圾,湿垃圾
厨余垃圾筒,可回收物
金属厨具,可回收物
除湿盒,可回收物
除湿机,可回收物
除湿剂,干垃圾
除氧剂,干垃圾
氯化钙除湿剂,干垃圾
储物柜,大件垃圾
传单,可回收物
传真机,可回收物
传真纸,可回收物
宣传单,可回收物
宣传页,可回收物
宣传纸,可回收物
手串,干垃圾
窗户,装修垃圾
窗帘,可回收物
窗纱,干垃圾
坏门窗,装修垃圾
铝门窗外框,装修垃圾
纱窗,干垃圾
铁窗,装修垃圾
床,大件垃圾
床单,可回收物
床垫,大件垃圾
床垫子,大件垃圾
床架,大件垃圾
床上用品,可回收物
床罩,可回收物
废床单,可回收物
废旧床,大件垃圾
废旧家具床,大件垃圾
旧床单,可回收物
旧床垫,大件垃圾
旧衣服床单,可回收物
木床,大件垃圾
木头床架,大件垃圾
使用过的旧床单,可回收物
双人床,大件垃圾
席梦丝床垫,大件垃圾
席梦思床垫,大件垃圾
创可贴,干垃圾
创口贴,干垃圾
使用过的创可贴,干垃圾
用的创可贴,干垃圾
吹风机,可回收物
电吹风,可回收物
锤子,可回收物
铁锤,可回收物
春梅,湿垃圾
唇膏,干垃圾
润唇膏,干垃圾
纯水滤芯,干垃圾
磁带,干垃圾
磁碟片,干垃圾
磁卡,干垃圾
磁力片,干垃圾
磁盘盒,可回收物
磁片盒,可回收物
磁铁,可回收物
电磁炉,可回收物
陶磁,干垃圾
硬式磁碟机,可回收物
陶瓷,干垃圾
瓷片,干垃圾
瓷器,干垃圾
瓷器瓶,干垃圾
瓷器碎片,干垃圾
瓷碗,干垃圾
瓷制品,干垃圾
瓷砖,装修垃圾
破瓷品,干垃圾
破瓷瓶,干垃圾
破瓷器,干垃圾
破瓷碗,干垃圾
破旧的瓷品,干垃圾
破旧陶瓷,干垃圾
破旧陶瓷品,干垃圾
破碎瓷碗,干垃圾
破碎陶瓷,干垃圾
破损瓷器,干垃圾
碎瓷,干垃圾
碎瓷片,干垃圾
碎瓷器,干垃圾
碎陶瓷,干垃圾
碎陶瓷碗,干垃圾
搪瓷,可回收物
搪瓷碗,可回收物
陶瓷刀,干垃圾
陶瓷罐,干垃圾
陶瓷花盆,干垃圾
陶瓷品,干垃圾
陶瓷砂锅,干垃圾
陶瓷碎片,干垃圾
陶瓷碗,干垃圾
陶瓷制品,干垃圾
鱼刺,湿垃圾
塑料一次性,干垃圾
塑料一次性饭盒,干垃圾
一次性豆浆袋,干垃圾
一次性豆浆塑料盒,干垃圾
一次性饭盒,干垃圾
一次性盒饭,干垃圾
一次性酒精棉,干垃圾
一次性口罩,干垃圾
一次性筷子,干垃圾
一次性莱盒,干垃圾
一次性内裤,干垃圾
一次性牛奶袋,干垃圾
一次性日用品,干垃圾
一次性勺子,干垃圾
一次性手套,干垃圾
一次性塑料,干垃圾
一次性塑料袋,干垃圾
一次性塑料饭盒,干垃圾
一次性塑料盒,干垃圾
一次性塑料盒饭,干垃圾
一次性塑料盒饭盒,干垃圾
一次性透明盒子,干垃圾
一次性拖鞋,干垃圾
一次性碗,干垃圾
一次性鞋套,干垃圾
一次性牙刷,干垃圾
一次性雨衣,干垃圾
一次性针筒,干垃圾
一次性纸袋,干垃圾
一次性纸盒,干垃圾
一次性纸尿裤,干垃圾
一次性纸碗,干垃圾
用过的一次性筷子,干垃圾
葱,湿垃圾
葱蒜,湿垃圾
洋葱皮,湿垃圾
醋瓶,可回收物
脆骨,湿垃圾
水果脆,湿垃圾
内存条,可回收物
打底裤,可回收物
打火机,干垃圾
打火机油,干垃圾
打湿的纸巾,干垃圾
打碎的碗,干垃圾
打印的照片,有害垃圾
打印的纸,可回收物
打印过的废纸,可回收物
打印过的胶片,有害垃圾
打印过的纸,可回收物
打印机,可回收物
打印机墨盒,可回收物
打印机硒鼓,可回收物
打印墨盒,可回收物
打印用纸,可回收物
打印照片,干垃圾
打印纸,可回收物
废打印纸,可回收物
废旧打印机,可回收物
废弃打印机,可回收物
粉碎后的打印纸,干垃圾
金属打火机,干垃圾
塑料打火机,干垃圾
大骨头,干垃圾
大猪蹄子,可回收物
大的骨头,干垃圾
大的肉骨头,干垃圾
大豆,湿垃圾
大哥大,可回收物
大骨,干垃圾
大骨（如：猪腿骨）,干垃圾
大核桃壳,干垃圾
大件垃圾,大件垃圾
大龙虾,湿垃圾
大米,湿垃圾
大米袋,干垃圾
大排,湿垃圾
大排骨,干垃圾
大排骨头,干垃圾
大螃蟹壳,湿垃圾
大蒜,湿垃圾
大头钉,干垃圾
大衣,可回收物
大闸蟹,湿垃圾
大闸蟹壳,湿垃圾
貂皮大衣,可回收物
放大镜,可回收物
过期大米,湿垃圾
牛大骨,干垃圾
猪大骨,干垃圾
带防晒霜的防晒霜罐,干垃圾
带酱汁的塑料袋,干垃圾
带胶制品,干垃圾
带肉牛骨头,干垃圾
带血塑料袋,干垃圾
带有狗屎的纸巾,干垃圾
带鱼骨头,湿垃圾
缎带,可回收物
废胶带,干垃圾
封箱带,干垃圾
封箱胶带,干垃圾
高裤腰带,干垃圾
海带,湿垃圾
胶带,干垃圾
胶带纸,干垃圾
领带,可回收物
录像带,有害垃圾
皮带,可回收物
双面胶带,干垃圾
丝带,可回收物
塑料带,干垃圾
塑料胶带,干垃圾
透明胶带,干垃圾
小修正带,干垃圾
鞋带,可回收物
信封带,可回收物
修正带,干垃圾
修正带内芯,干垃圾
腰带,可回收物
扎带,干垃圾
纸带,可回收物
电暖手袋,可回收物
电热水袋,可回收物
调味袋,干垃圾
豆浆袋,干垃圾
豆浆袋子,干垃圾
废旧塑料袋,干垃圾
废塑料袋,干垃圾
干净的垃圾袋,干垃圾
干净的塑料袋,干垃圾
购物纸袋,可回收物
海苔袋子,干垃圾
厚塑料袋,干垃圾
厚型塑料袋,干垃圾
旧纸袋,可回收物
咖啡袋,干垃圾
可降解垃圾袋,干垃圾
可降解塑料袋,干垃圾
快递袋,干垃圾
快递袋子,干垃圾
快递纸袋,可回收物
垃圾袋,干垃圾
垃圾塑料袋,干垃圾
辣条袋子,干垃圾
冷饮袋,干垃圾
利乐枕牛奶袋,可回收物
零食袋,干垃圾
旅行袋,可回收物
麻袋,干垃圾
马夹袋,干垃圾
马夾袋,干垃圾
马甲袋,干垃圾
麦当劳纸袋,干垃圾
美术袋,干垃圾
米袋,干垃圾
密封袋,干垃圾
面膜袋,干垃圾
奶粉袋,干垃圾
尿袋,干垃圾
牛奶袋,干垃圾
牛奶纸袋,干垃圾
暖水袋,可回收物
泡沫袋,干垃圾
破损垃圾袋,干垃圾
普通塑料袋,干垃圾
气泡袋,干垃圾
巧克力袋子,干垃圾
清洁塑料袋,干垃圾
蛇皮袋,干垃圾
盛装湿垃圾的垃圾袋,干垃圾
湿的塑料袋,干垃圾
湿塑料袋,干垃圾
食品袋,干垃圾
食品塑封袋,干垃圾
食品塑料袋,干垃圾
食物塑料袋,干垃圾
食物纸袋,干垃圾
薯片袋,干垃圾
薯片袋子,干垃圾
水饺袋,干垃圾
饲料袋,干垃圾
塑胶袋,干垃圾
塑料袋,干垃圾
塑料袋子,干垃圾
塑料豆浆袋,干垃圾
塑料购物袋,干垃圾
塑料垃圾袋,干垃圾
塑料马夹袋,干垃圾
塑料酸奶袋,干垃圾
塑料文件袋,可回收物
酸奶袋,干垃圾
酸奶袋子,干垃圾
透明塑料袋,干垃圾
文件袋,可回收物
污染的塑料袋,干垃圾
污染塑胶袋,干垃圾
污水袋,干垃圾
污损垃圾袋,干垃圾
小蛋糕的袋子,干垃圾
小塑料袋,干垃圾
信封袋,可回收物
一只塑料袋,干垃圾
医用导尿袋,干垃圾（有异议）
用过的塑料袋,干垃圾
脏塑料袋,干垃圾
真空袋,干垃圾
纸袋,可回收物
纸袋子,可回收物
纸巾袋,干垃圾
纸质购物袋,可回收物
中药袋,干垃圾
装海鲜的袋子,干垃圾
装垃圾的塑料袋,干垃圾
装湿垃圾的塑料袋,干垃圾
装鱼的袋子,干垃圾
担担面,湿垃圾
电费账单,可回收物
广告单,可回收物
广告单页,可回收物
账单,可回收物
鸡毛掸,干垃圾
鸡毛掸子,干垃圾
海胆,湿垃圾
海胆壳,干垃圾
鸡旦壳,湿垃圾
圣诞树,非生活垃圾
弹簧,可回收物
炸弹,非生活垃圾
子弹,干垃圾
蛋,湿垃圾
蛋糕,湿垃圾
蛋糕盒,干垃圾
蛋黄,湿垃圾
蛋卷,湿垃圾
蛋壳,湿垃圾
蛋壳壳,湿垃圾
蛋类,湿垃圾
蛋殼,湿垃圾
蛋挞,湿垃圾
蛋挞壳,干垃圾
蛋挞皮,湿垃圾
蛋挞托,干垃圾
风味蛋糕,湿垃圾
鸡蛋,湿垃圾
鸡蛋蛋壳,湿垃圾
鸡蛋壳,湿垃圾
奶油蛋糕,湿垃圾
皮蛋壳,湿垃圾
肉蛋,湿垃圾
肉蛋加工食品,湿垃圾
生的鸡蛋壳,湿垃圾
生鸡蛋壳,湿垃圾
熟鸡蛋,湿垃圾
熟鸡蛋壳,湿垃圾
塑料蛋盒,可回收物
塑料鸡蛋盒,可回收物
跳蛋,干垃圾
咸鸭蛋壳,湿垃圾
刀片,可回收物
电动剃须刀,可回收物
飞刀,可回收物
各类刀、刀片,可回收物
刮胡子刀片,可回收物
胡须刀,可回收物
剪刀,可回收物
金属刀片,可回收物
金属剪刀,可回收物
螺丝刀,可回收物
美工刀,可回收物
美工刀片,可回收物
磨刀器,可回收物
水果刀,可回收物
塑料剃须刀,可回收物
剃须刀,干垃圾
剃须刀片,可回收物
屠龙刀,可回收物
小刀,可回收物
指甲刀,可回收物
导线,可回收物
道路落叶,非生活垃圾
塑料管道,可回收物
拍立得,可回收物
用过的卫生纸,干垃圾
的确良,可回收物
掉落的头发,干垃圾
动物的尸体,非生活垃圾
肥宅用过的纸巾,干垃圾
废旧的收音机,可回收物
废旧的手电筒,可回收物
废旧的雨伞,干垃圾
废弃的毛巾,干垃圾
废弃的收音机,可回收物
废弃的手电筒,可回收物
废弃的树叶,湿垃圾
废弃的树枝,湿垃圾
废弃的纸巾,干垃圾
粉碎的纸,干垃圾
风干、晾晒的食品,湿垃圾
干的纸尿裤,干垃圾
干净的塑料,可回收物
干净的塑料勺,可回收物
罐头食品的内容物,湿垃圾
过期的糕团,湿垃圾
过期的咖啡,湿垃圾
过期的口香糖,干垃圾
过期的粮食,湿垃圾
过期的湿纸巾,干垃圾
过期的燕麦片,湿垃圾
过期的药,有害垃圾
过期的药品,有害垃圾
过期的油漆,有害垃圾
过期的鱼油,湿垃圾
过期的指甲油,有害垃圾
孩子的尿片,干垃圾
孩子用过的尿片,干垃圾
喝完的咖啡罐,可回收物
喝完的药瓶,有害垃圾
核桃的壳,干垃圾
花生的壳,湿垃圾
画过的铅化纸,干垃圾
画过画的纸,可回收物
坏的花盆,干垃圾
坏了的玩具,可回收物
坏了的碗,干垃圾
家庭的过期药品,有害垃圾
家庭盆栽废弃的树叶,湿垃圾
坚果的壳,干垃圾
剪下来的手工纸,干垃圾
旧的运动鞋,可回收物
可回收的文具,可回收物
空的饮料瓶,可回收物
枯萎的花,湿垃圾
枯萎的鲜花,湿垃圾
晾干的柚子皮,湿垃圾
猫的尸体,非生活垃圾
没用过的尿片,干垃圾
没有药的空药瓶,有害垃圾
墨盒中的碳粉,干垃圾
墨水写过的纸,可回收物
沐浴露的塑料瓶,可回收物
排骨的骨头,湿垃圾
泡过的枸杞子,湿垃圾
盆栽的废弃树叶,湿垃圾
瓶裝水的塑料瓶,可回收物
破的碗,干垃圾
破了的碗,干垃圾
破碎的灯管,有害垃圾
破碎的花盆,干垃圾
破碎的碗,干垃圾
敲碎的碗,干垃圾
人的头发,干垃圾
晒干的柚子皮,湿垃圾
湿的纸巾,干垃圾
湿的纸尿裤,干垃圾
湿的纸张,干垃圾
湿掉的纸巾,干垃圾
使用过的猫砂,干垃圾
使用过的女性卫生巾,干垃圾
使用过的卫生巾,干垃圾
使用过的卫生纸,干垃圾
使用过的吸管,干垃圾
使用过的纸巾,干垃圾
手纸的纸芯,可回收物
受过污染的纸,干垃圾
薯片的纸盒,可回收物
树废弃的枝,湿垃圾
水煮花生的壳,湿垃圾
死掉的多肉植物,湿垃圾
死掉的猫,非生活垃圾
死掉的植物,湿垃圾
碎的废纸,干垃圾
蹄髈的骨头,湿垃圾
吐痰的纸巾,干垃圾
玩坏的玩具,可回收物
污染的衣服,干垃圾
污染的纸,干垃圾
污染较严重的纸张,干垃圾
污染严重的纸,干垃圾
污染严重的纸盒,干垃圾
污染严重的纸张,干垃圾
洗发水的瓶子,可回收物
洗发水的塑料瓶,可回收物
洗干净的牛奶盒,可回收物
洗净的牛奶盒,可回收物
洗净后的牛奶盒,可回收物
洗澡掉的头发,干垃圾
夏威夷果的壳,干垃圾
写过的纸,可回收物
写过字的宣纸,干垃圾
写过字的纸,可回收物
谢了的花,湿垃圾
严重污染的纸张,干垃圾
咬过的口香糖,干垃圾
用过的筷子,干垃圾
用过的猫砂,干垃圾
用过的尿片,干垃圾
用过的湿巾,干垃圾
用过的湿巾纸,干垃圾
用过的湿纸巾,干垃圾
用过的卫生巾,干垃圾
用过的吸管,干垃圾
用过的纸,干垃圾
用过的纸巾,干垃圾
用过的纸尿裤,干垃圾
用来装饰的假花,干垃圾
用剩的机油,非生活垃圾
油污过的纸,干垃圾
油污过的纸盒,干垃圾
有颜色的纸,干垃圾
有油漆的纸,干垃圾
鱼的内脏,湿垃圾
脏的橡胶手套,干垃圾
脏的纸巾,干垃圾
沾有墨水的纸,干垃圾
煮花生的壳,湿垃圾
装过食用油的塑料桶,可回收物
装洗发水的塑料瓶,可回收物
废弃荧光灯,可回收物
荧光灯,有害垃圾
灯管,有害垃圾
灯管灯泡,有害垃圾
灯具,大件垃圾
灯炮,有害垃圾
灯泡,有害垃圾
电灯,可回收物
电灯泡,有害垃圾
废灯管,有害垃圾
废灯泡,有害垃圾
废节能灯,有害垃圾
废节能灯管,有害垃圾
废旧灯,有害垃圾
废旧灯管,有害垃圾
废旧灯泡,有害垃圾
废旧日光灯,有害垃圾
废旧台灯,可回收物
废旧荧光灯,有害垃圾
废旧荧光灯管,有害垃圾
废弃节能灯,有害垃圾
废日光灯管,有害垃圾
废荧光灯管,有害垃圾
废直式日光灯管,有害垃圾
含汞荧光灯管,有害垃圾
坏台灯,可回收物
节能灯,有害垃圾
节能灯管,有害垃圾
节能灯泡,有害垃圾
旧灯管,有害垃圾
旧灯泡,有害垃圾
卤素灯,有害垃圾
卤素灯泡,有害垃圾
日光灯,有害垃圾
日光灯管,有害垃圾
台灯,可回收物
钨丝灯泡,有害垃圾
吸顶灯,有害垃圾
荧光灯管,有害垃圾
荧光灯光,有害垃圾
登山杖,可回收物
凳子,大件垃圾
坏凳子,大件垃圾
塑料凳,可回收物
低温牛奶盒子,可回收物
滴滤咖啡,干垃圾
竹笛,干垃圾
底片,干垃圾
粉底,干垃圾
火锅底料,湿垃圾
火锅汤底,湿垃圾
平底锅,可回收物
相片底片,有害垃圾
地沟油,非生活垃圾
地瓜皮,湿垃圾
地膜,非生活垃圾
地毯,可回收物
地铁,装修垃圾
地图,可回收物
废地毯,可回收物
废旧地毯,可回收物
废弃地毯,可回收物
扫地机,可回收物
香烟蒂,干垃圾
烟蒂,干垃圾
烟蒂海绵头,干垃圾
快递盒,可回收物
快递盒子,可回收物
快递箱,可回收物
快递信封,可回收物
快递纸,干垃圾
快递纸箱,可回收物
碘伏棉球,干垃圾（有异议）
糕点,湿垃圾
过期糕点,湿垃圾
早点盒,干垃圾
垫子,可回收物
防滑垫,可回收物
废踏垫,干垃圾
狗尿垫,干垃圾
海绵垫,干垃圾
护垫,干垃圾
靠垫,可回收物
尿垫,干垃圾
泡沫垫,干垃圾
塑料垫,可回收物
塑料垫子,可回收物
橡胶垫,干垃圾
瑜伽垫,可回收物
竹垫,干垃圾
竹坐垫,干垃圾
电动玩具,可回收物
电动洗脚盆,可回收物
电动牙刷,可回收物
电炖锅,可回收物
电饭煲,可回收物
电饭锅,可回收物
电风扇,可回收物
电锅,可回收物
电焊丝,可回收物
电话,可回收物
电话机,可回收物
电缆,可回收物
电脑,可回收物
电脑机箱,可回收物
电脑配件,可回收物
电脑屏幕,可回收物
电脑小音响,可回收物
电暖炉,可回收物
电瓶,可回收物
电器,可回收物
电热水壶,可回收物
电热水瓶,可回收物
电热水器,可回收物
电热毯,可回收物
电热蚊香片,干垃圾
电容器,可回收物
电扇,可回收物
电视,可回收物
电视机,可回收物
电视机顶盒,可回收物
电水壶,可回收物
电梯,非生活垃圾
电玩具,可回收物
电蚊拍,可回收物
电蚊香,干垃圾
电蚊香片,干垃圾
电线,可回收物
电线挿头,可回收物
电影胶片,有害垃圾
电影票,可回收物
电源器,可回收物
电源线,可回收物
电熨斗,可回收物
电子废弃物,可回收物
电子垃圾,可回收物
电子琴,可回收物
电子书,可回收物
电子书阅读器,可回收物
电子体温计,可回收物
电子温度计,可回收物
电子游戏机,可回收物
电子镇流器,可回收物
电钻,可回收物
儿童电动玩具,可回收物
废电脑,可回收物
废电器,可回收物
废电视,可回收物
废电线,可回收物
废家电,可回收物
废旧电脑,可回收物
废旧电器,可回收物
废旧电视机,可回收物
废旧电线,可回收物
废旧手电筒,可回收物
废弃电线,可回收物
坏电视机,可回收物
家电,可回收物
家用电器,可回收物
旧电话机,可回收物
旧电脑,可回收物
旧电脑桌,大件垃圾
旧电器,可回收物
旧电视,可回收物
旧电蚊拍,可回收物
旧家电,可回收物
旧手电筒,可回收物
手电筒,可回收物
手提电脑,可回收物
小家电,可回收物
行动电话,可回收物
液晶电视,可回收物
移动电源,可回收物
淀粉,湿垃圾
木雕,可回收物
吊牌,可回收物
衣服吊牌,干垃圾
钓鱼竿,干垃圾
钓鱼钩,干垃圾
钓鱼线,干垃圾
调味料,湿垃圾
调味品,湿垃圾
坏空调器,可回收物
火锅调料,湿垃圾
空调,可回收物
空调机,可回收物
空调两用风扇,可回收物
空调扇,可回收物
空调遥控器,可回收物
泡面调料,湿垃圾
碟片,干垃圾
光碟,干垃圾
塑料飞碟,可回收物
碗碟,干垃圾
蝴蝶,湿垃圾
丁字裤,干垃圾
钉书针,干垃圾
订书钉,干垃圾
螺丝钉,可回收物
铁钉,可回收物
图钉,干垃圾
洋钉,可回收物
机顶盒,可回收物
订书机,可回收物
订书针,干垃圾
金属订书机,可回收物
装订铁圈,可回收物
冬瓜,湿垃圾
冬笋壳,湿垃圾
冬枣核,湿垃圾
动物,非生活垃圾
动物废弃内脏,湿垃圾
动物骨骼,干垃圾
动物骨头,湿垃圾
动物毛,干垃圾
动物毛发,干垃圾
动物内脏,湿垃圾
动物尸体,非生活垃圾
动物羽毛,干垃圾
旧运动鞋,可回收物
移动硬盘,可回收物
运动服,可回收物
运动鞋,可回收物
自动铅,干垃圾
果冻,湿垃圾
果冻盒,干垃圾
冷冻食品,湿垃圾
速冻饺子,湿垃圾
速冻饺子内塑料盒,干垃圾
速冻水饺,湿垃圾
水斗漏网,干垃圾
豆腐,湿垃圾
豆腐干,湿垃圾
豆腐盒,干垃圾
豆腐乳,湿垃圾
豆腐塑料盒,干垃圾
豆腐渣,湿垃圾
豆角壳,湿垃圾
豆壳,湿垃圾
豆类,湿垃圾
豆渣,湿垃圾
黑豆,湿垃圾
黄豆,湿垃圾
绿豆,湿垃圾
绿豆芽,湿垃圾
毛豆,湿垃圾
毛豆结,湿垃圾
毛豆壳,湿垃圾
土豆,湿垃圾
土豆皮,湿垃圾
豌豆壳,湿垃圾
豌豆殼,湿垃圾
毒鼠强,有害垃圾
杀毒剂,有害垃圾
消毒片,干垃圾
消毒药片,有害垃圾
有毒植物,湿垃圾
杜蕾斯,干垃圾
废含汞温度计,有害垃圾
废水银温度计,有害垃圾
废温度计,有害垃圾
含汞温度计,有害垃圾
水银温度计,有害垃圾
温度计,有害垃圾
短裤,干垃圾
多肉,湿垃圾
多肉植物,湿垃圾
空养乐多瓶子,可回收物
养乐多瓶,可回收物
花朵,湿垃圾
鹅,湿垃圾
儿童玩具,可回收物
婴儿纸尿裤,干垃圾
耳环,可回收物
耳机,可回收物
耳机线,可回收物
耳屎,干垃圾
耳套,可回收物
耳线,干垃圾
旧耳机,可回收物
二手衣物,可回收物
头发,干垃圾
发胶,干垃圾
发蜡,干垃圾
发霉食物,湿垃圾
发票,干垃圾
发圈,干垃圾
废弃沙发,大件垃圾
干头发,干垃圾
过期洗发水,干垃圾
护发素瓶,可回收物
坏发卡,干垃圾
坏沙发,大件垃圾
假发,干垃圾
假发套,干垃圾
旧沙发,大件垃圾
落发,干垃圾
毛发,干垃圾
皮沙发,大件垃圾
染发剂罐,有害垃圾
染发剂壳,有害垃圾
染发剂塑料罐,有害垃圾
染发料瓶体,有害垃圾
润发乳,干垃圾
沙发,大件垃圾
湿头发,干垃圾
碎头发,干垃圾
头发丝,干垃圾
洗发精,干垃圾
洗发露瓶,可回收物
洗发露瓶子,可回收物
洗发水,干垃圾
洗发水罐,可回收物
洗发水空瓶,可回收物
洗发水瓶,可回收物
洗发水瓶子,可回收物
洗发水塑料瓶,可回收物
洗发水桶,可回收物
洗发液空瓶,可回收物
洗发液空塑料瓶,可回收物
自发热型发热贴,干垃圾
盐酸伐昔洛韦片,有害垃圾
书法纸,可回收物
番茄,湿垃圾
番茄酱,湿垃圾
番茄皮,湿垃圾
番薯,湿垃圾
饭,湿垃圾
饭盒,干垃圾
饭团,湿垃圾
饭碗,干垃圾
饭汁,湿垃圾
隔夜饭,湿垃圾
盒饭盒,干垃圾
聚乙烯饭盒,干垃圾
米饭,湿垃圾
泡沫饭盒,干垃圾
剩饭,湿垃圾
馊饭,湿垃圾
塑料饭盒,可回收物
外卖饭盒,干垃圾
午饭,湿垃圾
稀饭,湿垃圾
魔方,干垃圾
房门,装修垃圾
防腐剂,干垃圾
防滑毯,干垃圾
防晒霜,干垃圾
防晒霜罐,可回收物
防水气泡膜,干垃圾
防碎气泡膜,干垃圾
防撞塑料,干垃圾
纺织品,可回收物
纺织物,可回收物
废纺织物,可回收物
录放机,可回收物
胶囊咖啡,干垃圾
胶囊咖啡盒,可回收物
咖啡,湿垃圾
咖啡粉,湿垃圾
咖啡过滤纸,干垃圾
咖啡胶囊,干垃圾
咖啡滤纸,干垃圾
咖啡渣,湿垃圾
猫屎咖啡,湿垃圾
三合一咖啡,湿垃圾
飞机,非生活垃圾
肥料,干垃圾
肥皂,干垃圾
过期肥料,湿垃圾
花肥,干垃圾
化肥,非生活垃圾
碎小肥皂,干垃圾
夫妻肺片,湿垃圾
废弃植物,湿垃圾
废含汞血压计,有害垃圾
废花盆,干垃圾
废家具,大件垃圾
废键盘,可回收物
废胶片,有害垃圾
废胶水,干垃圾
废金属,可回收物
废酒瓶,可回收物
废旧机油,非生活垃圾
废旧家具,大件垃圾
废旧旧衣服,可回收物
废旧轮胎,非生活垃圾
废旧收音机,可回收物
废旧手机,可回收物
废旧书,可回收物
废旧塑料盒,可回收物
废旧玩具,可回收物
废旧蚊香,干垃圾
废旧洗衣机,可回收物
废旧相片,有害垃圾
废旧牙刷,干垃圾
废旧衣服,可回收物
废旧衣物,可回收物
废旧荧光管,有害垃圾
废旧荧光屏,可回收物
废旧纸箱,可回收物
废旧纸张,可回收物
废铝,可回收物
废轮胎,非生活垃圾
废毛巾,干垃圾
废灭火器,可回收物
废墨盒,可回收物
废墨瓶,可回收物
废木盒,可回收物
废木料,装修垃圾
废弃花盆,干垃圾
废弃环氧树脂,干垃圾
废弃计算机,可回收物
废弃毛巾,干垃圾
废弃树叶,湿垃圾
废弃树枝,湿垃圾
废弃水粉颜料,干垃圾
废弃卫生棉,干垃圾
废弃卫生纸,干垃圾
废弃药品,有害垃圾
废弃衣服,可回收物
废弃衣物,可回收物
废弃油脂,湿垃圾
废弃纸张,可回收物
废手机,可回收物
废手纸,干垃圾
废书,可回收物
废树叶,湿垃圾
废塑料,可回收物
废塑料盒,可回收物
废锁头,可回收物
废台式机,可回收物
废毯子,可回收物
废铁,可回收物
废铁锅,可回收物
废铜烂铁,可回收物
废物箱,可回收物
废硒鼓,可回收物
废洗衣机,可回收物
废相纸,有害垃圾
废橡胶,干垃圾
废药,有害垃圾
废药品,有害垃圾
废药瓶,有害垃圾
废衣服,可回收物
废油漆,有害垃圾
废油漆桶,有害垃圾
废油桶,可回收物
废织物,可回收物
废植物,湿垃圾
废纸,可回收物
废纸盒,可回收物
废纸巾,干垃圾
废纸箱,可回收物
废纸屑,干垃圾
废纸张,可回收物
盆栽废弃树叶,湿垃圾
破损废旧衣服,可回收物
卫生间废纸,干垃圾
医疗废弃用品,非生活垃圾
银行卡废旧,可回收物
洗衣粉,干垃圾
粉丝,湿垃圾
粉碎纸,干垃圾
粉碎纸张,干垃圾
过期面粉,湿垃圾
过期奶粉,湿垃圾
胡椒粉,湿垃圾
螺蛳粉,湿垃圾
面粉,湿垃圾
墨粉,干垃圾
墨粉盒,可回收物
奶粉,湿垃圾
奶粉盖,可回收物
奶粉罐,可回收物
奶粉盒子,可回收物
奶粉桶,可回收物
散粉,干垃圾
湿面粉,湿垃圾
石膏粉,干垃圾
石灰粉,干垃圾
水粉颜料,干垃圾
速溶饮料粉末,湿垃圾
碳粉,干垃圾
碳粉匣,可回收物
糖和藕粉,湿垃圾
洗衣粉盒,可回收物
洗衣粉瓶,可回收物
小麦粉,湿垃圾
椰壳粉,湿垃圾
狗粪,非生活垃圾
鸡粪,干垃圾
猫粪,非生活垃圾
鸟粪,非生活垃圾
牛粪,非生活垃圾
猪粪,非生活垃圾
过期未开封食品,湿垃圾
塑封纸,干垃圾
塑料封条,干垃圾
信封,可回收物
蜂蜜罐,可回收物
风干食品,湿垃圾
风扇,可回收物
风衣,可回收物
风油精瓶,可回收物
风筝,干垃圾
手风琴,大件垃圾
缝纫针,干垃圾
敷料,干垃圾
过期护肤品,干垃圾
护肤品,干垃圾
护肤品空瓶,可回收物
护肤品容器,可回收物
护肤霜,干垃圾
护肤霜瓶,可回收物
润肤露瓶子,可回收物
润肤霜,可回收物
爽肤水瓶,可回收物
破旧衣服,可回收物
服装,可回收物
旧衣服,可回收物
旧衣服属于,可回收物
口服药,有害垃圾
口服液瓶,有害垃圾
口服液瓶子,有害垃圾
烂衣服,可回收物
破衣服,可回收物
衣服,可回收物
衣服挂牌,干垃圾
衣服是什么垃圾,可回收物
羽绒服,可回收物
脏污衣服,干垃圾
脏衣服,可回收物
腐坏椰子,干垃圾
腐肉,湿垃圾
复写纸,干垃圾
复印机,可回收物
复印纸,可回收物
纸塑铝复合,可回收物
富贵竹,湿垃圾
高附加值可回收物,可回收物
锅盖,干垃圾
金属瓶盖,可回收物
酒瓶盖,可回收物
铝盖,可回收物
啤酒盖,可回收物
啤酒瓶盖,可回收物
瓶盖,可回收物
塑料盖,可回收物
酸奶盖,干垃圾
铁盖子,可回收物
小塑料盖子,可回收物
指甲盖,干垃圾
干瓜子壳,湿垃圾
干桂圆壳,湿垃圾
干果,湿垃圾
干果壳,干垃圾
干红枣,湿垃圾
干花,湿垃圾
干花生壳,湿垃圾
干花生皮,湿垃圾
干货,湿垃圾
干净塑料,可回收物
干橘子皮,湿垃圾
干枯花,湿垃圾
干枯玫瑰花,湿垃圾
干垃圾,干垃圾
干拉圾,干垃圾
干辣椒,湿垃圾
干毛巾,干垃圾
干尿裤,干垃圾
干树叶,湿垃圾
干树枝,湿垃圾
干香菇,湿垃圾
干蟹壳,湿垃圾
干药渣,湿垃圾
干燥剂,干垃圾
干纸巾,干垃圾
桂圆干壳,湿垃圾
过期牛肉干,湿垃圾
烘干机,可回收物
红枣干,湿垃圾
蓝莓干,湿垃圾
老干妈辣酱,湿垃圾
荔枝干壳,湿垃圾
榴莲干,湿垃圾
芒果干,湿垃圾
牛肉干,湿垃圾
肉干,湿垃圾
石灰干燥剂,干垃圾
食品干,湿垃圾
食品干燥剂,干垃圾
树干,非生活垃圾
水果干,湿垃圾
香蕉干,湿垃圾
鸭胗干,湿垃圾
衣物干燥剂,干垃圾
鱼干,湿垃圾
甘蔗,湿垃圾
甘蔗皮,干垃圾
甘蔗渣,湿垃圾
晾衣杆,可回收物
铁栏杆,装修垃圾
玉米杆,湿垃圾
桔柑,湿垃圾
竹竿,干垃圾
鸡肝,湿垃圾
感光胶片,有害垃圾
感光片,有害垃圾
感冒药,有害垃圾
性感内裤,干垃圾
麦秆,湿垃圾
农作物秸秆,非生活垃圾
钢化膜,干垃圾
钢筋,装修垃圾
钢琴,大件垃圾
钢丝,可回收物
钢丝球,干垃圾
钢铁,可回收物
旧浴缸,装修垃圾
烟缸,可回收物
鱼缸,可回收物
浴缸,装修垃圾
高跟鞋,可回收物
高粱,湿垃圾
高铁酸钾,有害垃圾
乐高,可回收物
睫毛膏,干垃圾
空牙膏,干垃圾
磨砂膏,干垃圾
石膏,干垃圾
塑料牙膏管,干垃圾
塑料牙膏皮,干垃圾
烫伤膏,有害垃圾
雪花膏,干垃圾
牙膏,干垃圾
牙膏管,干垃圾
牙膏罐,干垃圾
牙膏皮,干垃圾
牙膏软管,干垃圾
药膏,干垃圾
年糕,湿垃圾
雪糕纸,干垃圾
手写稿,干垃圾
广告用纸,可回收物
广告纸,可回收物
小广告,可回收物
鸽子,湿垃圾
皮革,可回收物
皮革制品,可回收物
蛤蜊,湿垃圾
蛤蜊壳,干垃圾
蛤蜊肉,湿垃圾
蛤蟆,湿垃圾
花蛤,湿垃圾
花蛤壳,干垃圾
隔离霜,干垃圾
个人计算机,可回收物
各类过期食品,湿垃圾
各类过期药品,有害垃圾
树根,湿垃圾
桔梗,湿垃圾
工业垃圾,非生活垃圾
工资卡,可回收物
加工类食品,湿垃圾
金属工具,可回收物
手工纸,干垃圾
公交卡,可回收物
公交站牌,非生活垃圾
公仔,可回收物
鸡公煲骨头,湿垃圾
含汞体温计,有害垃圾
含汞血压计,有害垃圾
铁钩,可回收物
狗,非生活垃圾
狗粑粑,非生活垃圾
狗狗尸体,非生活垃圾
狗骨头,干垃圾
狗粮,湿垃圾
狗毛,干垃圾
狗肉,湿垃圾
狗尸体,非生活垃圾
狗屎,非生活垃圾
狗屎纸,干垃圾
狗屎紙,干垃圾
狗熊,非生活垃圾
死狗,非生活垃圾
死狗死猫,非生活垃圾
小狗,非生活垃圾
小狗尸体,非生活垃圾
野狗,非生活垃圾
水垢,干垃圾
菌菇,湿垃圾
蘑菇,湿垃圾
香菇,湿垃圾
墨盒硒鼓,可回收物
晒鼓墨盒,可回收物
硒鼓,可回收物
硒鼓墨盒,可回收物
古筝,可回收物
碎骨,湿垃圾
碎骨头,湿垃圾
骨骼内脏,湿垃圾
骨肉相连,湿垃圾
骨头,干垃圾
骨头渣,湿垃圾
鸡骨,湿垃圾
鸡骨架,湿垃圾
鸡骨头,湿垃圾
鸡腿骨,湿垃圾
鸡腿骨头,湿垃圾
鸡鸭骨,湿垃圾
鸡鸭骨头,湿垃圾
肋骨,干垃圾
牛骨,干垃圾
牛骨头,干垃圾
牛排骨,湿垃圾
牛肉骨头,干垃圾
牛头骨,干垃圾
牛腿骨,干垃圾
牛腿骨头,干垃圾
牛蛙骨头,湿垃圾
排骨,湿垃圾
排骨骨头,干垃圾
肉骨,干垃圾
肉骨头,干垃圾
肉骨头鱼骨头属于哪类,湿垃圾
软骨,湿垃圾
汤骨,干垃圾
筒骨,干垃圾
筒子骨,干垃圾
腿骨,干垃圾
小骨,湿垃圾
小骨头,湿垃圾
小排骨,湿垃圾
小排骨头,湿垃圾
鸭骨,湿垃圾
鸭骨头,湿垃圾
鸭腿骨,湿垃圾
羊骨,干垃圾
羊骨头,干垃圾
羊腿骨,干垃圾
羊蝎子骨头,干垃圾
鱼骨,湿垃圾
鱼骨，虾壳,湿垃圾
鱼骨头,湿垃圾
魚骨头,湿垃圾
猪骨,干垃圾
猪骨头,干垃圾
猪排骨,湿垃圾
猪肉骨头,干垃圾
猪腿骨,干垃圾
猪小骨,湿垃圾
猪爪骨头,湿垃圾
谷物,湿垃圾
鸡屁股,湿垃圾
香烟屁股,干垃圾
鸭屁股,湿垃圾
烟屁股,干垃圾
固体胶,干垃圾
雨刮器,干垃圾
雨刮器橡胶条,干垃圾
瓜,湿垃圾
瓜果,湿垃圾
瓜果壳,湿垃圾
瓜果皮,湿垃圾
瓜果皮核,湿垃圾
瓜孑皮,湿垃圾
瓜壳,湿垃圾
瓜皮,湿垃圾
瓜皮果壳,湿垃圾
瓜皮果皮,湿垃圾
瓜子,湿垃圾
瓜子花生壳,湿垃圾
瓜子壳,湿垃圾
瓜子皮,湿垃圾
瓜子仁,湿垃圾
哈密瓜皮,湿垃圾
海瓜子,湿垃圾
黄瓜,湿垃圾
黄瓜皮,湿垃圾
烂黄瓜,湿垃圾
南瓜,湿垃圾
南瓜皮,湿垃圾
南瓜子壳,湿垃圾
丝瓜,湿垃圾
丝瓜瓤,湿垃圾
甜瓜,湿垃圾
西瓜,湿垃圾
西瓜皮,湿垃圾
西瓜片,有害垃圾
西瓜籽,湿垃圾
西瓜子,湿垃圾
西瓜子壳,湿垃圾
香瓜子,湿垃圾
香瓜子壳,湿垃圾
挂号纸,可回收物
挂历,可回收物
挂钟,可回收物
护手霜软管,可回收物
铝管,可回收物
牛奶瓶吸管,干垃圾
塑料管,可回收物
塑料吸管,干垃圾
太阳能热水管,可回收物
吸管,干垃圾
阴极射线管,非生活垃圾
针管,干垃圾
罐头,可回收物
罐头盒,可回收物
罐头瓶,可回收物
罐头食品,可回收物
过期罐头,可回收物
化妆品罐,可回收物
金枪鱼罐头,可回收物
金属罐,可回收物
金属罐头,可回收物
金属瓶罐,可回收物
金属食品罐,可回收物
可乐罐,可回收物
空罐头,可回收物
空小瓦斯罐,可回收物
零食罐,干垃圾
铝罐,可回收物
铝质易拉罐,可回收物
煤气罐,可回收物
煤油罐,可回收物
面霜罐子,可回收物
沐浴乳瓶罐,可回收物
牛奶罐,可回收物
啤酒罐,可回收物
啤酒罐子,可回收物
氢气罐,可回收物
燃油罐,可回收物
肉罐头,可回收物
乳液罐,可回收物
食品罐头,可回收物
食品空罐头,可回收物
食品塑料罐,可回收物
食品用铁罐头,可回收物
薯片罐,干垃圾
速食肉罐头,可回收物
塑料罐,可回收物
塑料罐子,可回收物
痰盂罐,可回收物
陶罐,干垃圾
铁罐,可回收物
铁罐头,可回收物
铁罐子,可回收物
铁皮罐,可回收物
铁皮罐头,可回收物
压力罐,可回收物
眼霜罐,可回收物
易拉罐,可回收物
饮料罐,可回收物
饮料铝罐,可回收物
油罐,可回收物
油漆罐,有害垃圾
鱼罐头,可回收物
真空罐,可回收物
光明牛奶盒,可回收物
光盘,干垃圾
光盘片,干垃圾
光驱,可回收物
荧光手环,干垃圾
玫瑰,湿垃圾
玫瑰花,湿垃圾
硅胶,干垃圾
龟壳,干垃圾
乌龟壳,干垃圾
桂圆,湿垃圾
桂圆核,湿垃圾
桂圆壳,湿垃圾
桂圆皮,湿垃圾
柜子,大件垃圾
书柜,大件垃圾
铁柜,装修垃圾
衣柜,大件垃圾
卫生纸滚筒,可回收物
糖葫芦棍,干垃圾
铁棍,可回收物
锅,可回收物
火锅,湿垃圾
火锅蘸酱,湿垃圾
金属锅,可回收物
旧铁锅,可回收物
铝锅,可回收物
麻辣香锅,湿垃圾
破铁锅,可回收物
砂锅,干垃圾
铁锅,可回收物
压力锅,可回收物
果核,湿垃圾
果酱,湿垃圾
果酱瓶,可回收物
果壳,湿垃圾
果粒,湿垃圾
果皮,湿垃圾
果肉,湿垃圾
果实,湿垃圾
果汁盒,可回收物
果汁机,可回收物
果汁瓶,可回收物
果汁渣,湿垃圾
果汁纸盒,可回收物
火龙果皮,湿垃圾
坚果,干垃圾
坚果果壳,干垃圾
坚果壳,干垃圾
开心果,干垃圾
开心果壳,干垃圾
烂苹果,湿垃圾
烂水果,湿垃圾
榴莲果核,干垃圾
榴莲果皮,干垃圾
芒果,湿垃圾
芒果核,湿垃圾
芒果皮,湿垃圾
牛油果,湿垃圾
牛油果核,干垃圾
牛油果壳,湿垃圾
牛油果皮,湿垃圾
苹果,湿垃圾
苹果果核,湿垃圾
苹果核,湿垃圾
苹果壳,湿垃圾
苹果皮,湿垃圾
苹果手机,可回收物
苹果屑,湿垃圾
苹果杍,湿垃圾
圣女果,湿垃圾
蔬果,湿垃圾
蔬果皮,湿垃圾
水果,湿垃圾
水果果肉,湿垃圾
水果盒,干垃圾
水果茎枝,湿垃圾
水果皮,湿垃圾
水果塑料套,干垃圾
水果纸箱,可回收物
塑料水果盒,可回收物
塑料水果筐,可回收物
糖果,湿垃圾
糖果纸,干垃圾
无花果壳,湿垃圾
夏威夷果,干垃圾
夏威夷果壳,干垃圾
腰果,湿垃圾
硬果壳,干垃圾
硬果皮,干垃圾
柚子果肉,湿垃圾
纸制糖果礼盒,可回收物
过滤盒,干垃圾
过滤器,干垃圾
过滤芯,干垃圾
过期,非生活垃圾
过期化妆品,干垃圾
过期胶囊药物,有害垃圾
过期口红,干垃圾
过期零食,湿垃圾
过期猫粮,湿垃圾
过期灭火器,可回收物
过期农药,有害垃圾
过期日历,可回收物
过期食品,湿垃圾
过期食物,湿垃圾
过期筒装食品,湿垃圾
过期卫生纸,干垃圾
过期药,有害垃圾
过期药片,有害垃圾
过期药品,有害垃圾
过期药水,有害垃圾
过期药物,有害垃圾
过期隐形眼镜,干垃圾
过期芝麻酱,湿垃圾
过期芝士,湿垃圾
过期指甲油,有害垃圾
过塑膜,干垃圾
净水器过滤,干垃圾
没用过尿片,干垃圾
使用过卫生纸,干垃圾
香烟过滤嘴,干垃圾
用过卫生纸,干垃圾
用过纸巾,干垃圾
哈士奇,非生活垃圾
孩子尿片,干垃圾
小孩子,非生活垃圾
海螺,湿垃圾
海绵,干垃圾
海绵纸,干垃圾
海狮,非生活垃圾
海苔,湿垃圾
海鲜,湿垃圾
海鲜壳,干垃圾
海鲜纸盒,干垃圾
海洋球,可回收物
湿海绵,干垃圾
有害垃圾,有害垃圾
焊丝,可回收物
焊锡,非生活垃圾
焊锡丝,非生活垃圾
汗衫,可回收物
取号纸,干垃圾
合金玩具,可回收物
沥青混合料,非生活垃圾
铝合金,可回收物
护手霜盒,可回收物
护手霜盒子,可回收物
馄饨盒,干垃圾
金属盒,可回收物
旧墨盒,可回收物
旧纸盒,可回收物
可降解塑料盒,可回收物
空纸盒,可回收物
快速面盒,干垃圾
拉面盒子,干垃圾
乐扣乐扣塑料盒,可回收物
冷饮盒,干垃圾
利乐盒,可回收物
墨盒,可回收物
木盒,可回收物
奶盒,可回收物
牛奶盒,可回收物
牛奶盒子,可回收物
牛奶利乐盒,可回收物
牛奶纸盒,可回收物
泡面盒,干垃圾
泡面盒子,干垃圾
泡沫盒,可回收物
泡沫盒子,可回收物
泡沫纸盒,可回收物
披萨盒,干垃圾
披萨盒子,干垃圾
巧克力盒子,干垃圾
食品盒,干垃圾
食品塑料盒,干垃圾
食品铁盒,可回收物
食品纸盒,干垃圾
试剂盒,有害垃圾
收纳盒,可回收物
薯片盒,干垃圾
薯片盒子,干垃圾
薯片纸盒,干垃圾
水饺盒,干垃圾
塑胶盒,可回收物
塑料盒,可回收物
塑料盒纸,可回收物
塑料盒子,可回收物
塑料收纳盒,可回收物
塑料酸奶盒,可回收物
酸奶盒,可回收物
酸奶纸盒,可回收物
铁盒,可回收物
铁皮盒,可回收物
外卖盒,干垃圾
外卖盒子,干垃圾
外卖塑料盒,干垃圾
外卖纸盒,干垃圾
文具盒,可回收物
锡纸盒,干垃圾
鲜奶盒,可回收物
香烟盒,可回收物
小米盒子,可回收物
鞋盒,可回收物
牙签盒,干垃圾
烟盒,干垃圾
眼镜盒,干垃圾
药片盒,有害垃圾
音乐盒,干垃圾
饮料盒,可回收物
硬塑料盒,可回收物
蘸酱盒,干垃圾
纸盒,可回收物
纸盒子,可回收物
纸巾盒,可回收物
纸酸奶盒,可回收物
纸质酸奶盒,可回收物
河豚,湿垃圾
贺卡,可回收物
黑框眼镜,干垃圾
黑色垃圾桶,可回收物
黑曜石,干垃圾
黑珍猪,湿垃圾
黑猪,湿垃圾
烘手器,可回收物
红酒瓶,可回收物
红酒瓶瓶塞,干垃圾
红领巾,可回收物
红木家具,大件垃圾
红烧肉,湿垃圾
红薯,湿垃圾
红薯皮,湿垃圾
红糖,湿垃圾
红枣,湿垃圾
红枣核,湿垃圾
口红,干垃圾
西红柿,湿垃圾
猕猴桃,湿垃圾
呼叫器,可回收物
珊瑚,干垃圾
滤水壶滤芯,干垃圾
暖水壶,可回收物
塑料牛奶壶,可回收物
塑料油壶,可回收物
养身壶,可回收物
养生壶,可回收物
油壶,可回收物
中药壶,干垃圾
胡桃壳,干垃圾
胡子,干垃圾
浆糊,干垃圾
虎牙,干垃圾
护脸霜瓶,可回收物
护目镜,干垃圾
护手霜,干垃圾
花,湿垃圾
花卉,湿垃圾
花卉绿植,湿垃圾
花卉植物,湿垃圾
花甲,湿垃圾
花甲壳,湿垃圾
花椒,湿垃圾
花篮,干垃圾
花露水瓶,可回收物
花螺,湿垃圾
花泥,干垃圾
花盆,干垃圾
花洒,可回收物
花生,湿垃圾
花生壳,湿垃圾
花生米,湿垃圾
花生衣,湿垃圾
花生油桶,可回收物
花叶,湿垃圾
鸡米花,湿垃圾
家庭花卉,湿垃圾
酒精棉花,干垃圾
葵花籽,湿垃圾
葵花籽壳,湿垃圾
葵花子壳,湿垃圾
落花生,湿垃圾
棉花,干垃圾
棉花签,干垃圾
棉花球,干垃圾
棉花胎,可回收物
棉花糖,湿垃圾
湿花生,湿垃圾
湿花生壳,湿垃圾
水煮花生壳,湿垃圾
死花,湿垃圾
塑料花,干垃圾
塑料花盆,可回收物
塑料花瓶,可回收物
塑料假花,干垃圾
碎花瓶,干垃圾
西兰花,湿垃圾
鲜花,湿垃圾
绣花针,干垃圾
樱花,湿垃圾
煮花生壳,湿垃圾
装饰花,干垃圾
华为手机,可回收物
金华火腿,湿垃圾
精华液瓶,可回收物
润滑剂,干垃圾
润滑油,干垃圾
画画颜料,干垃圾
画画纸,干垃圾
画纸,可回收物
胶画,干垃圾
漫画,可回收物
漫画书,可回收物
名画,干垃圾
铅画纸,干垃圾
图画,干垃圾
油画,干垃圾
化纤衣物,可回收物
化学试剂,有害垃圾
化妆棉,干垃圾
化妆品空瓶,可回收物
化妆刷,干垃圾
化妆水瓶,可回收物
家庭绿化,湿垃圾
空气净化器,可回收物
空气净化器滤网,干垃圾
空气净化器滤芯,干垃圾
绿化,湿垃圾
绿化修剪物,湿垃圾
膨化食品,湿垃圾
话梅,湿垃圾
话筒,可回收物
坏垃圾桶,可回收物
坏马桶,装修垃圾
坏手机,可回收物
坏椅子,大件垃圾
环氧树脂,干垃圾
手环,干垃圾
黄金,可回收物
黄酒瓶,可回收物
黄泥螺,湿垃圾
黄芪,湿垃圾
黄沙,装修垃圾
黄桃,湿垃圾
黄油,湿垃圾
黄鱼,湿垃圾
灰,干垃圾
煤灰,干垃圾
生石灰,干垃圾
石灰,装修垃圾
石灰石,干垃圾
碳灰,干垃圾
蚊香灰,干垃圾
香灰,干垃圾
香烟灰,干垃圾
香烟灰烬,干垃圾
烟灰,干垃圾
徽章,干垃圾
回收物,可回收物
回形针,干垃圾
可回收,可回收物
可回收垃圾,可回收物
可回收物,可回收物
会员卡,可回收物
婚戒,可回收物
结婚证书,可回收物
活性炭,干垃圾
活性炭滤芯,干垃圾
火机,干垃圾
火山石,干垃圾
火腿,湿垃圾
空灭火器,可回收物
灭火器,可回收物
家庭装潢垃圾,装修垃圾
建筑垃圾,非生活垃圾
旧垃圾桶,可回收物
居民家庭装潢垃圾,装修垃圾
居民装潢垃圾,装修垃圾
垃圾桶,可回收物
垃圾箱,可回收物
绿色垃圾桶,可回收物
毛垃圾,非生活垃圾
泡沫垃圾,可回收物
泡沫箱属于什么垃圾,可回收物
其他垃圾桶,可回收物
树叶是那种垃圾,湿垃圾
卫生纸什么垃圾,干垃圾
装潢垃圾,装修垃圾
装修垃圾,装修垃圾
机箱,可回收物
机油,非生活垃圾
机油桶,可回收物
计算机,可回收物
计算机零件,可回收物
旧收音机,可回收物
旧手机,可回收物
旧照相机,可回收物
冷暖气机,可回收物
录音机,可回收物
摄像机,可回收物
收录音机,可回收物
收音机,可回收物
手机,可回收物
手机卡,干垃圾
手机壳,干垃圾
手机膜,干垃圾
手机屏幕,可回收物
拖拉机,非生活垃圾
拖排油烟机,大件垃圾
脱排油烟机油渣,湿垃圾
脱水机,可回收物
无人机,可回收物
洗衣机,可回收物
相机,可回收物
饮水机,可回收物
游戏机,可回收物
有机溶剂,有害垃圾
照相机,可回收物
积木,可回收物
木积木,可回收物
塑料积木,可回收物
鸡,湿垃圾
鸡精,湿垃圾
鸡毛,干垃圾
鸡排,湿垃圾
鸡皮,湿垃圾
鸡肉,湿垃圾
鸡屎,非生活垃圾
鸡头,湿垃圾
鸡腿,湿垃圾
鸡胸,湿垃圾
鸡鸭鱼,湿垃圾
鸡杂碎,湿垃圾
鸡爪,湿垃圾
烧鸡,湿垃圾
生鸡,湿垃圾
鸭毛鸡毛,干垃圾
原味鸡,湿垃圾
炸鸡,湿垃圾
炸鸡腿,湿垃圾
书籍,可回收物
集装箱,非生活垃圾
急支糖浆,有害垃圾
月季,湿垃圾
灭蚊剂,有害垃圾
灭蚊剂瓶,有害垃圾
杀菌剂,有害垃圾
食品用脱氧剂,干垃圾
脱氧剂,干垃圾
药剂,有害垃圾
油漆稀释剂,有害垃圾
计算器,可回收物
水银体温计,有害垃圾
水银血压计,有害垃圾
体温计,有害垃圾
血压计,可回收物
记事贴,可回收物
夹克,可回收物
金属夹子,可回收物
塑胶制资料夹,可回收物
铁夹子,可回收物
文件夹,可回收物
燕尾夹,可回收物
衣夹,干垃圾
家具,大件垃圾
家禽内脏,湿垃圾
家庭盆栽树叶,湿垃圾
家养绿植,湿垃圾
旧家具,大件垃圾
旧木家具,大件垃圾
木制旧家具,大件垃圾
木质家具,大件垃圾
加湿器,可回收物
甲油,有害垃圾
甲油胶,有害垃圾
甲油瓶,有害垃圾
甲鱼,湿垃圾
甲鱼壳,干垃圾
脚指甲,干垃圾
手指甲,干垃圾
手指甲脚趾甲,干垃圾
指甲,干垃圾
指甲剪,可回收物
指甲片,干垃圾
指甲钳,可回收物
指甲水,有害垃圾
指甲油,有害垃圾
指甲油瓶,有害垃圾
假睫毛,干垃圾
假头套,干垃圾
假牙,干垃圾
金属衣架,可回收物
金属制衣架,可回收物
旧塑料晾衣架,可回收物
篮球架,非生活垃圾
沥水架,可回收物
晾衣架,可回收物
木头衣架,可回收物
书架,大件垃圾
塑胶制衣架,可回收物
塑料晾衣架,可回收物
塑料衣架,可回收物
铁架,可回收物
眼镜架,干垃圾
卫生间用纸,干垃圾
卫生间纸,干垃圾
卫生间纸巾,干垃圾
煎鍋,可回收物
生煎,湿垃圾
剪纸,干垃圾
剪子,可回收物
键盘,可回收物
金属元件,可回收物
蜜饯,湿垃圾
姜,湿垃圾
生姜,湿垃圾
麻将牌,干垃圾
麻将台,可回收物
咳嗽糖浆,有害垃圾
蕃茄酱,湿垃圾
酱料,湿垃圾
酱油瓶,可回收物
酱汁,湿垃圾
空酱油瓶,可回收物
辣酱,湿垃圾
辣椒酱,湿垃圾
肉酱,湿垃圾
沙拉酱,湿垃圾
蘸酱,湿垃圾
可降解塑料,可回收物
烂香蕉,湿垃圾
香蕉,湿垃圾
香蕉皮,湿垃圾
香蕉片,湿垃圾
辣椒,湿垃圾
胶卷,有害垃圾
胶囊,有害垃圾
胶囊药片,有害垃圾
胶片,有害垃圾
胶水,干垃圾
胶纸,干垃圾
乳胶漆,有害垃圾
乳胶手套,干垃圾
乳胶枕,干垃圾
双面胶,干垃圾
塑胶手套,可回收物
塑胶玩具,可回收物
塑胶碗,可回收物
塑胶制品,可回收物
塑胶制容器,可回收物
塑胶桌,可回收物
塑胶桌椅,大件垃圾
透明胶,干垃圾
万能胶水,干垃圾
橡胶,干垃圾
橡胶轮胎,非生活垃圾
橡胶手套,干垃圾
橡胶线,干垃圾
橡胶制品,干垃圾
亚克力胶水,干垃圾
药物胶囊,有害垃圾
粘鼠胶,有害垃圾
交通卡,可回收物
泔脚,湿垃圾
脚皮,干垃圾
猪脚,湿垃圾
菱角,湿垃圾
牛角,干垃圾
饺子,湿垃圾
水饺,湿垃圾
桔,湿垃圾
桔皮,湿垃圾
桔子,湿垃圾
桔子皮,湿垃圾
烂桔,湿垃圾
烂桔子,湿垃圾
清洁瓶,可回收物
洗洁精,非生活垃圾
洗洁精瓶,可回收物
洗洁精瓶子,可回收物
指纹清洁纸,干垃圾
戒指,可回收物
金戒指,可回收物
歺巾纸,干垃圾
旧毛巾,干垃圾
毛巾,干垃圾
棉柔巾,干垃圾
棉质卫生巾,干垃圾
面巾纸,干垃圾
女卫生巾,干垃圾
湿巾,干垃圾
湿巾纸,干垃圾
湿巾紙,干垃圾
湿卫生巾,干垃圾
湿纸巾,干垃圾
受污纸巾,干垃圾
丝巾,可回收物
围巾,可回收物
卫生巾,干垃圾
卫生纸巾,干垃圾
衛生巾,干垃圾
洗脸巾,干垃圾
卸妆巾,干垃圾
姨妈巾,干垃圾
浴巾,干垃圾
脏纸巾,干垃圾
纸巾,干垃圾
紙巾,干垃圾
牛筋,湿垃圾
皮筋,干垃圾
橡皮筋,干垃圾
金鱼,湿垃圾
金属,可回收物
金属拉链,可回收物
金属瓶,可回收物
金属食品桶,可回收物
金属丝,可回收物
金属制品,可回收物
金属制容器,可回收物
金子,可回收物
小金鱼,湿垃圾
液晶屏,可回收物
酒精,非生活垃圾
酒精棉,干垃圾
酒精棉片,干垃圾
酒精棉球,干垃圾
酒精片,干垃圾
味精,湿垃圾
香精,干垃圾
镜框,干垃圾
镜子,干垃圾
旧镜子,干垃圾
墨镜,干垃圾
望远镜,可回收物
眼镜,干垃圾
隐形眼镜,干垃圾
隐形眼镜片,干垃圾
净水滤芯,干垃圾
净水器,可回收物
净水器滤芯,干垃圾
针灸针,干垃圾
酒酿,湿垃圾
酒瓶,可回收物
酒瓶塞子,干垃圾
酒瓶子,可回收物
空酒瓶,可回收物
料酒瓶,可回收物
啤酒瓶,可回收物
葡萄酒瓶,可回收物
塑料啤酒瓶,可回收物
旧裤子,可回收物
旧筷子,干垃圾
旧轮胎,非生活垃圾
旧帽子,可回收物
旧棉絮,可回收物
旧内裤,干垃圾
旧内衣,干垃圾
旧皮球,可回收物
旧皮鞋,可回收物
旧皮靴,可回收物
旧皮衣,可回收物
旧书,可回收物
旧书桌,大件垃圾
旧塑料篮子,可回收物
旧袜子,干垃圾
旧玩具,可回收物
旧玩偶,可回收物
旧鞋,可回收物
旧鞋子,可回收物
旧牙刷,干垃圾
旧衣裤,可回收物
旧衣物,可回收物
旧音箱,可回收物
旧雨伞,干垃圾
旧照片,有害垃圾
旧枕头,可回收物
旧桌椅,大件垃圾
旧桌子,大件垃圾
破旧凉席,干垃圾
收据,可回收物
数据线,可回收物
毛绒玩具,可回收物
木制玩具,可回收物
皮具,可回收物
绒毛玩具,可回收物
塑料玩具,可回收物
塑料文具,可回收物
玩具,可回收物
玩具熊,可回收物
卷筒卫生纸纸芯,可回收物
卷烟,干垃圾
卷纸,干垃圾
卷纸筒,干垃圾
卷纸芯,可回收物
卷子,可回收物
考卷,可回收物
考试卷,可回收物
试卷,可回收物
卡,干垃圾
卡纸,可回收物
联通卡,干垃圾
塑料卡片,可回收物
显卡,可回收物
信用卡,可回收物
银行卡,可回收物
糠,湿垃圾
烤箱,可回收物
靠枕,可回收物
螃蟹壳,湿垃圾
蟹壳,湿垃圾
槟榔壳,湿垃圾
蛏子壳,干垃圾
核桃壳,干垃圾
蚧壳,湿垃圾
荔枝壳,湿垃圾
栗子壳,湿垃圾
榴莲壳,干垃圾
龙虾壳,湿垃圾
龙眼壳,湿垃圾
螺师壳,湿垃圾
螺狮壳,湿垃圾
螺蛳壳,湿垃圾
牡蛎壳,干垃圾
青蟹壳,湿垃圾
山竹壳,湿垃圾
生蚝壳,干垃圾
熟虾壳,湿垃圾
松子壳,干垃圾
粟子壳,湿垃圾
塑料壳,干垃圾
笋壳,湿垃圾
蜗牛壳,干垃圾
虾壳,湿垃圾
虾仁壳,湿垃圾
香榧壳,湿垃圾
香榧子壳,干垃圾
香榧子外壳,湿垃圾
香烟壳,可回收物
小核桃壳,干垃圾
小龙虾壳,湿垃圾
蟹虾壳,湿垃圾
杏仁壳,湿垃圾
雪蟹蟹壳,湿垃圾
牙刷壳,干垃圾
药品壳子,有害垃圾
椰壳,干垃圾
椰青壳,干垃圾
椰子壳,干垃圾
玉米壳,干垃圾
榛子壳,干垃圾
纸壳,可回收物
竹笋壳,湿垃圾
粽叶壳,干垃圾
粽子壳,干垃圾
可口可乐瓶,可回收物
可乐,湿垃圾
可乐瓶,可回收物
塑料可乐瓶,可回收物
扑克,可回收物
扑克牌,可回收物
巧克力,湿垃圾
亚克力,可回收物
课桌,大件垃圾
空气滤芯,干垃圾
空水瓶,可回收物
空涂料桶,有害垃圾
空药瓶,有害垃圾
空饮料瓶,可回收物
空油瓶,可回收物
空油漆桶,有害垃圾
水乳空瓶,可回收物
塑料空瓶,可回收物
洗衣液空瓶,可回收物
螺丝孔,可回收物
遥控器,可回收物
口香糖,干垃圾
口罩,干垃圾
漱口水瓶子,可回收物
雾霾口罩,干垃圾
纽扣,干垃圾
钮扣,干垃圾
塑料纽扣,可回收物
枯树叶,湿垃圾
枯树枝,湿垃圾
枯叶,湿垃圾
枯枝,湿垃圾
裤袜,可回收物
裤子,可回收物
拉拉裤,干垃圾
连裤袜,可回收物
内裤,干垃圾
内衣裤,干垃圾
内衣内裤,干垃圾
尿裤,干垃圾
牛仔裤,可回收物
皮裤,可回收物
湿纸尿裤,干垃圾
衣裤,可回收物
游泳裤,可回收物
纸尿裤,干垃圾
水泥块,装修垃圾
铁块,可回收物
一块墙皮,干垃圾
砖块,装修垃圾
筷子,干垃圾
木筷,可回收物
木筷子,可回收物
塑料筷子,可回收物
竹筷,干垃圾
塑料筐,可回收物
塑料篮筐,可回收物
相框,可回收物
矿泉水瓶,可回收物
矿泉水瓶子,可回收物
矿水瓶,可回收物
头盔,干垃圾
拉链,干垃圾
蜡纸,干垃圾
蜡烛,干垃圾
生日蜡烛,干垃圾
腊肉,湿垃圾
辣条,湿垃圾
麻辣烫,湿垃圾
剩莱,湿垃圾
自来水滤芯,干垃圾
篮球,可回收物
塑料篮,可回收物
塑料篮子,可回收物
竹篮,干垃圾
烂树叶,湿垃圾
烂桃,湿垃圾
烂叶子,湿垃圾
烂猪肉,湿垃圾
破铜烂铁,可回收物
槟榔,湿垃圾
槟榔皮,湿垃圾
榔头,可回收物
老鼠,非生活垃圾
老鼠药,有害垃圾
死老鼠,湿垃圾
奶酪,湿垃圾
乐事薯片,湿垃圾
利乐枕,可回收物
利乐砖,可回收物
肋排,湿垃圾
鱼类,湿垃圾
纸张类,可回收物
瓦楞纸,可回收物
冷饮,干垃圾
梨,湿垃圾
梨核,湿垃圾
离心纸,干垃圾
李子核,干垃圾
行李箱,大件垃圾
荔枝核,湿垃圾
栗子,湿垃圾
麦丽素,湿垃圾
日历,可回收物
台历,可回收物
沥青,非生活垃圾
琉璃,可回收物
莲藕,湿垃圾
莲蓬,湿垃圾
莲雾,湿垃圾
榴莲核,干垃圾
榴莲皮,干垃圾
榴莲肉,湿垃圾
连衣裙,可回收物
塑料脸盆,可回收物
项链,可回收物
粮食,湿垃圾
猫粮,湿垃圾
凉皮,湿垃圾
凉席,干垃圾
少量泥土,干垃圾
猫饲料,湿垃圾
木料,装修垃圾
沐浴露塑料,可回收物
沐浴露塑料瓶,可回收物
牛奶塑料瓶,可回收物
泡沫塑料,可回收物
水性涂料桶,有害垃圾
饲料,湿垃圾
塑料,可回收物
塑料模型,可回收物
塑料膜,干垃圾
塑料牛奶瓶,可回收物
塑料泡沫,可回收物
塑料泡泡,干垃圾
塑料盆,可回收物
塑料瓶,可回收物
塑料勺,干垃圾
塑料勺子,可回收物
塑料绳,干垃圾
塑料手套,干垃圾
塑料梳子,可回收物
塑料水瓶,可回收物
塑料酸奶瓶,可回收物
塑料毯子,可回收物
塑料糖纸,干垃圾
塑料桶,可回收物
塑料托盘,可回收物
塑料碗,可回收物
塑料碗（盆）,可回收物
塑料碗塑料盆,可回收物
塑料箱,可回收物
塑料小瓶,可回收物
塑料小扇子,干垃圾
塑料鞋,可回收物
塑料牙刷,干垃圾
塑料药瓶,有害垃圾
塑料椅子,可回收物
塑料饮料瓶,可回收物
塑料油瓶,可回收物
塑料油桶,可回收物
塑料雨衣,干垃圾
塑料纸,干垃圾
塑料紙,干垃圾
塑料制品,可回收物
酸奶塑料瓶,可回收物
涂料,有害垃圾
涂料桶,有害垃圾
污损塑料,干垃圾
颜料,干垃圾
饮料瓶,可回收物
硬塑料,可回收物
油塑料瓶,可回收物
盘尼西林,有害垃圾
鱼鳞,湿垃圾
零食,湿垃圾
马铃薯,湿垃圾
马铃薯片,湿垃圾
哑铃,可回收物
毛领子,可回收物
溜溜球,干垃圾
石榴皮,湿垃圾
硫酸,非生活垃圾
镇流器,可回收物
龙虾,湿垃圾
尼龙绳,干垃圾
尼龙丝袜,干垃圾
尼龙制品,干垃圾
小龙虾,湿垃圾
小龙虾头,湿垃圾
鸟笼,干垃圾
芦荟,湿垃圾
芦稷,湿垃圾
芦稷皮,干垃圾
芦苇叶,干垃圾
甜芦黍,湿垃圾
甜芦粟,湿垃圾
甜芦粟皮,干垃圾
甜卢蜀,湿垃圾
炉渣,干垃圾
沐浴露瓶,可回收物
路由器,可回收物
无线路由器,可回收物
铝,可回收物
铝喷雾瓶,可回收物
铝盆,可回收物
铝瓶子,可回收物
铝塑,装修垃圾
铝制品,可回收物
滤清器,干垃圾
滤网,干垃圾
滤芯,干垃圾
水滤芯,干垃圾
绿萝,湿垃圾
绿箩,湿垃圾
绿叶,湿垃圾
绿植,湿垃圾
轮毂,非生活垃圾
轮胎,非生活垃圾
实心轮胎,非生活垃圾
螺帽,可回收物
螺狮,湿垃圾
螺丝,可回收物
螺蛳,湿垃圾
螺蛳肉,湿垃圾
田螺,湿垃圾
落叶,湿垃圾
麻绳,干垃圾
芝麻,湿垃圾
密码锁,可回收物
马,非生活垃圾
马肉,湿垃圾
马桶,装修垃圾
马桶刷,干垃圾
马桶纸,干垃圾
麦子,湿垃圾
烧卖,湿垃圾
馒头,湿垃圾
蔓藤,湿垃圾
藤蔓,湿垃圾
猫,非生活垃圾
猫粑粑,非生活垃圾
猫毛,干垃圾
猫咪,非生活垃圾
猫沙,干垃圾
猫沙猫屎,非生活垃圾
猫砂,干垃圾
猫屎,非生活垃圾
死猫,非生活垃圾
松木猫砂,干垃圾
熊猫,非生活垃圾
貂毛,干垃圾
睫毛刷,干垃圾
毛毯,可回收物
毛线,可回收物
毛衣,可回收物
毛竹,干垃圾
鸭毛,干垃圾
羊毛,可回收物
羊毛衫,可回收物
羊毛毯,可回收物
羽毛,干垃圾
羽毛球,干垃圾
羽毛球拍,干垃圾
猪毛,干垃圾
帽子,可回收物
太阳帽,可回收物
浴帽,干垃圾
遮阳帽,可回收物
杨梅,湿垃圾
煤渣,干垃圾
美容仪,可回收物
美术黏土,干垃圾
美瞳,干垃圾
美元,非生活垃圾
日抛美瞳,干垃圾
门,装修垃圾
门锁,可回收物
木门,装修垃圾
铁门,装修垃圾
柠檬,湿垃圾
席梦思,大件垃圾
米,湿垃圾
生米,湿垃圾
小米,湿垃圾
玉米,湿垃圾
玉米皮,干垃圾
玉米穗,湿垃圾
玉米心,湿垃圾
玉米芯,湿垃圾
玉米叶,干垃圾
玉米衣,干垃圾
玉米渣,湿垃圾
珍珠米,湿垃圾
棉,可回收物
棉签,干垃圾
棉球,干垃圾
棉绳,干垃圾
棉袜,可回收物
棉线,干垃圾
泡棉纸,干垃圾
泡沫棉,可回收物
卫生棉,干垃圾
卫生棉条,干垃圾
卸妆棉,干垃圾
医用棉签,干垃圾（有异议）
医用棉球,干垃圾（有异议）
擀面杖,可回收物
面,湿垃圾
面膜,干垃圾
面膜纸,干垃圾
面霜,干垃圾
面条,湿垃圾
面纸,干垃圾
泡面,湿垃圾
泡面桶,干垃圾
泡面纸碗,干垃圾
吸油面纸,干垃圾
洗面奶,干垃圾
洗面乳,干垃圾
明信片,可回收物
三明治,湿垃圾
说明书,可回收物
纸质说明书,可回收物
名片,可回收物
农膜,非生活垃圾
农业农膜,非生活垃圾
气泡膜,干垃圾
摩丝,干垃圾
墨囊,干垃圾
墨囊瓶,干垃圾
墨水瓶,可回收物
墨水纸,可回收物
墨襄,干垃圾
墨鱼,湿垃圾
泡沫,可回收物
泡沫碗,可回收物
泡沫箱,可回收物
泡沫箱子,可回收物
泡沫纸,干垃圾
肉沫,湿垃圾
碎泡沫,干垃圾
牡蛎肉,湿垃圾
屏幕,可回收物
显示屏幕,可回收物
荧幕,可回收物
木屐,可回收物
木塞,干垃圾
木梳,可回收物
木梳子,可回收物
木炭,干垃圾
木桶,可回收物
木碗,可回收物
木箱,大件垃圾
木屑,干垃圾
木椅,大件垃圾
木椅子,大件垃圾
木制品,可回收物
木制梳子,可回收物
木制音箱,可回收物
木桌,大件垃圾
软木塞,干垃圾
收纳箱,可回收物
奶牛,非生活垃圾
奶片,湿垃圾
奶油,湿垃圾
奶罩,干垃圾
牛奶瓶,可回收物
牛奶桶,可回收物
人造奶油,湿垃圾
猪脑,湿垃圾
闹钟,可回收物
内衣,干垃圾
内脏,湿垃圾
女生内衣,干垃圾
情趣内衣,干垃圾
鱼内脏,湿垃圾
太阳能热水器,可回收物
泥,非生活垃圾
水泥,装修垃圾
橡皮泥,干垃圾
印泥,干垃圾
淤泥,非生活垃圾
鸟屎,非生活垃圾
尿片,干垃圾
纸尿片,干垃圾
牛,湿垃圾
牛排,湿垃圾
牛皮,可回收物
牛皮纸,可回收物
牛肉,湿垃圾
牛蛙,湿垃圾
牛尾,湿垃圾
牛杂,湿垃圾
农药,非生活垃圾
农药片,有害垃圾
农药瓶,有害垃圾
女性卫生用品,干垃圾
暖瓶,可回收物
泰诺,有害垃圾
呕吐物,湿垃圾
玩偶,可回收物
手帕,湿垃圾
排泄物,非生活垃圾
小排,湿垃圾
铜牌,可回收物
盘子,干垃圾
软盘,干垃圾
食物托盘,可回收物
硬盘,可回收物
优盘,可回收物
乒乓球,干垃圾
泡馍,湿垃圾
泡泡糖,干垃圾
泡泡纸,干垃圾
气泡纸,干垃圾
剃须泡瓶,可回收物
水培植物,湿垃圾
喷蟑螂瓶,有害垃圾
雅漾喷雾,干垃圾
盆栽,湿垃圾
盆栽树叶,湿垃圾
盆栽植物,湿垃圾
帐篷,可回收物
披萨,湿垃圾
雨披,干垃圾
貂皮,可回收物
橘皮,湿垃圾
橘子皮,湿垃圾
皮皮虾,湿垃圾
皮球,可回收物
皮手套,可回收物
皮箱,可回收物
皮鞋,可回收物
皮屑,干垃圾
皮靴,可回收物
皮衣,可回收物
葡萄皮,湿垃圾
墙皮,装修垃圾
肉皮,湿垃圾
三文鱼皮,湿垃圾
砂皮,干垃圾
砂皮纸,干垃圾
山芋皮,湿垃圾
山竹皮,湿垃圾
书皮,干垃圾
树皮,湿垃圾
蒜皮,湿垃圾
笋皮,湿垃圾
桃子皮,湿垃圾
铁皮,可回收物
铜皮,可回收物
头皮屑,干垃圾
西柚皮,湿垃圾
虾皮,湿垃圾
橡皮,干垃圾
橡皮屑,干垃圾
椰子皮,干垃圾
油皮纸,干垃圾
柚子皮,湿垃圾
鱼皮,湿垃圾
纸皮,可回收物
猪皮,湿垃圾
棕子皮,干垃圾
粽子皮,干垃圾
肉片,湿垃圾
三文鱼片,湿垃圾
山楂片,湿垃圾
薯片,湿垃圾
水煮肉片,湿垃圾
碎片纸张,干垃圾
碎碗片,干垃圾
碎纸片,干垃圾
瓦片,装修垃圾
蚊香片,干垃圾
相片,可回收物
相片纸,有害垃圾
芯片,可回收物
药片,有害垃圾
叶片,湿垃圾
照片,有害垃圾
照片纸,有害垃圾
芝士片,湿垃圾
纸片,可回收物
竹片,干垃圾
紫砂碎片,干垃圾
票,干垃圾
收银小票,可回收物
小票,可回收物
情趣用品,干垃圾
乳制品,湿垃圾
食品,湿垃圾
饰品,干垃圾
铁制品,可回收物
药品,有害垃圾
印刷品,可回收物
印刷制品,可回收物
竹制品,干垃圾
油瓶,可回收物
汽水瓶,可回收物
驱蚊瓶,可回收物
熱水瓶內膽,可回收物
乳液瓶,可回收物
食物油瓶,可回收物
铁瓶子,可回收物
洗手液瓶,可回收物
洗衣液瓶,可回收物
洗衣液瓶子,可回收物
香水瓶,可回收物
香油瓶,可回收物
鞋油瓶,干垃圾
修正液瓶子,干垃圾
压缩瓶,可回收物
药瓶,有害垃圾
液体药瓶,有害垃圾
破袜子,可回收物
破碗,干垃圾
破衣物,可回收物
猪肉铺,湿垃圾
葡萄,湿垃圾
葡萄藤,湿垃圾
葡萄枝,湿垃圾
葡萄籽,湿垃圾
漆桶,有害垃圾
水性漆,有害垃圾
油漆,有害垃圾
油漆桶,有害垃圾
象棋,干垃圾
曲奇,湿垃圾
陶器,干垃圾
铁器,可回收物
吸湿器,可回收物
显示器,可回收物
注射器,干垃圾
自慰器,可回收物
气球,干垃圾
氢气球,干垃圾
汽油,非生活垃圾
汽油桶,可回收物
蒸汽眼罩,干垃圾
铅桶,可回收物
铅芯,干垃圾
书签,干垃圾
牙签,干垃圾
竹签,干垃圾
竹签子,干垃圾
竹牙签,干垃圾
墙刷,干垃圾
墙纸,干垃圾
茄子,湿垃圾
小提琴,大件垃圾
青蟹,湿垃圾
青椰,干垃圾
琼脂,湿垃圾
营养琼脂,湿垃圾
秋衣,可回收物
球鞋,可回收物
仙人球,湿垃圾
瑜伽球,可回收物
足球,可回收物
小区树叶,非生活垃圾
甜甜圈,湿垃圾
铁圈,可回收物
围裙,可回收物
污染纸张,干垃圾
退热贴,干垃圾
香榧子仁,湿垃圾
小核桃仁,湿垃圾
杏仁,湿垃圾
人造纤维,干垃圾
仙人掌,湿垃圾
绒娃娃,可回收物
绒线衣,可回收物
蛏子肉,湿垃圾
螃蟹肉,湿垃圾
肉,湿垃圾
肉肉,湿垃圾
肉渣,湿垃圾
生肉,湿垃圾
生猪肉,湿垃圾
手撕猪肉,湿垃圾
兔肉,湿垃圾
鸭肉,湿垃圾
羊肉,湿垃圾
椰子肉,湿垃圾
鱼肉,湿垃圾
猪肉,湿垃圾
猪头肉,湿垃圾
走油肉,湿垃圾
沐浴乳,干垃圾
乳牙,干垃圾
身体乳,干垃圾
软糖,湿垃圾
三文鱼,湿垃圾
伞,干垃圾
雨伞,干垃圾
桑叶,湿垃圾
扫帚,干垃圾
砂纸,干垃圾
沙,装修垃圾
沙子,装修垃圾
纱手套,可回收物
山芋,湿垃圾
山竹,湿垃圾
洋山芋,湿垃圾
扇子,干垃圾
折扇,干垃圾
上衣,可回收物
勺子,可回收物
摄像头,可回收物
生蚝,湿垃圾
湿卫生纸,干垃圾
维生素,有害垃圾
卫生纸,干垃圾
卫生纸纸芯,可回收物
再生纸,可回收物
绳子,干垃圾
头绳,干垃圾
湿纸,干垃圾
尸体,非生活垃圾
死尸,非生活垃圾
石头,装修垃圾
石子,装修垃圾
碎石子,装修垃圾
吸铁石,可回收物
小石子,干垃圾
萤石,干垃圾
砖石,装修垃圾
装饰石,装修垃圾
装饰石头,装修垃圾
钻石,可回收物
食物,湿垃圾
食用油桶,可回收物
屎,非生活垃圾
芝士,湿垃圾
试纸,干垃圾
血糖试纸,干垃圾
收银台,大件垃圾
收银条,可回收物
手套,可回收物
手纸,干垃圾
洗碗手套,干垃圾
医用手套,干垃圾
银手镯,可回收物
寿司,湿垃圾
梳子,干垃圾
书,可回收物
书桌,大件垃圾
数学书,可回收物
图书,可回收物
英语书,可回收物
语文书,可回收物
证书,可回收物
作文书,可回收物
薯条,湿垃圾
树叶,湿垃圾
树枝,湿垃圾
树枝叶,湿垃圾
树脂,干垃圾
牙刷,干垃圾
印刷纸,可回收物
眼霜,干垃圾
水银,有害垃圾
瓦斯桶,可回收物
相思子,湿垃圾
丝袜,干垃圾
铁丝,可回收物
钨丝,可回收物
死螃蟹,湿垃圾
死鸭子,湿垃圾
死鱼,湿垃圾
死蟑螂,湿垃圾
松子,干垃圾
蒜,湿垃圾
碎陶,干垃圾
碎碗,干垃圾
碎纸,可回收物
碎纸屑,干垃圾
碎紙,干垃圾
污损纸张,干垃圾
竹笋,湿垃圾
梭子蟹,湿垃圾
锁,可回收物
锁头,可回收物
铁制印台,可回收物
印台,干垃圾
碳纤维,干垃圾
鱼汤,湿垃圾
糖,湿垃圾
糖纸,干垃圾
血糖针,干垃圾
蔗糖,湿垃圾
桃核,干垃圾
桃子,湿垃圾
桃子核,干垃圾
樱桃,湿垃圾
套套,干垃圾
外套,可回收物
鞋套,干垃圾
枕套,可回收物
藤席,干垃圾
猪蹄,湿垃圾
猪蹄子,可回收物
蹄髈,湿垃圾
铁条,可回收物
虾条,湿垃圾
鲜虾条,湿垃圾
油条,湿垃圾
枝条,干垃圾
纸条,干垃圾
贴纸,干垃圾
铁,可回收物
铁鎚头,可回收物
铁桶,可回收物
铁碗,可回收物
铁箱,可回收物
油桶,可回收物
针筒,干垃圾
纸筒,可回收物
兔头,湿垃圾
虾头,湿垃圾
香烟头,干垃圾
烟头,干垃圾
鱼头,湿垃圾
芋头,湿垃圾
针头,干垃圾
枕头,可回收物
纸头,可回收物
猪头,湿垃圾
砖头,装修垃圾
钻头,可回收物
图章,干垃圾
图纸,可回收物
渣土,非生活垃圾
线团,干垃圾
纸团,干垃圾
鸭腿,湿垃圾
拖鞋,可回收物
洋娃娃,可回收物
砖瓦,装修垃圾
袜子,可回收物
药丸,有害垃圾
蟑螂丸,干垃圾
碗,干垃圾
网线,可回收物
鱼网,干垃圾
卫衣,可回收物
蚊香,干垃圾
蚊帐,可回收物
蚊子,湿垃圾
文胸,干垃圾
文竹,湿垃圾
燕窝,湿垃圾
舊衣物,可回收物
衣物,可回收物
织物,可回收物
植物,湿垃圾
植物叶子,湿垃圾
置物箱,大件垃圾
西药,有害垃圾
西柚,湿垃圾
西装,可回收物
吸油纸,干垃圾
锡纸,干垃圾
席子,干垃圾
竹席,干垃圾
虾,湿垃圾
腌笃鲜,湿垃圾
咸鱼,湿垃圾
线,干垃圾
牙线,干垃圾
针线,干垃圾
粽子 线,干垃圾
相纸,有害垃圾
照相纸,有害垃圾
茴香,湿垃圾
香烟,干垃圾
香皂,干垃圾
音箱,可回收物
硬纸箱,可回收物
纸箱,可回收物
纸箱子,可回收物
音响,可回收物
象牙,干垃圾
羊蝎子,干垃圾
鞋,可回收物
鞋子,可回收物
雨鞋,可回收物
写字纸,可回收物
卸妆油,干垃圾
螃蟹,湿垃圾
蟹,湿垃圾
蟹汁,湿垃圾
纸屑,干垃圾
砖屑,装修垃圾
枕芯,可回收物
纸芯,可回收物
胸罩,干垃圾
熊,非生活垃圾
宣纸,干垃圾
雨靴,可回收物
鸭血,湿垃圾
鸭,湿垃圾
鸭子,湿垃圾
牙,干垃圾
烟叶,湿垃圾
盐,湿垃圾
眼影,干垃圾
羊,非生活垃圾
洋装,可回收物
药渣,湿垃圾
炸药,非生活垃圾
蟑螂药,有害垃圾
中药,湿垃圾
中药药渣,湿垃圾
中药渣,湿垃圾
中药渣渣,湿垃圾
椰子,干垃圾
椰子殼,干垃圾
枇杷叶,湿垃圾
叶,湿垃圾
叶子,湿垃圾
枝叶,湿垃圾
棕叶,干垃圾
棕子叶,干垃圾
粽叶,干垃圾
粽子叶,干垃圾
粽子叶子,干垃圾
雨衣,干垃圾
椅子,大件垃圾
桌椅,大件垃圾
桌子椅子,大件垃圾
座椅,大件垃圾
影印纸,可回收物
油渣,湿垃圾
油渣子,湿垃圾
油脂,湿垃圾
油纸,干垃圾
猪油,湿垃圾
鱿鱼,湿垃圾
鱼,湿垃圾
章鱼,湿垃圾
玉,干垃圾
玉镯,可回收物
芋艿,湿垃圾
芋圆,湿垃圾
杂志,可回收物
枣,湿垃圾
枣核,湿垃圾
枣子核,湿垃圾
粘纸,干垃圾
纸张,可回收物
珍珠,可回收物
针,干垃圾
蜘蛛,湿垃圾
纸,可回收物
钟,干垃圾
粥,湿垃圾
猪,湿垃圾
猪爪,湿垃圾
竹子,干垃圾
砖,装修垃圾
桌子,大件垃圾
蛏子,湿垃圾
毽子,干垃圾
橘子,湿垃圾
柚子,湿垃圾
粽子,湿垃圾
